USE ViaUY;

INSERT INTO Permiso(nombre, descripcion, url) VALUES 
("Reservar", "Capaz de hacer reservas de asientos en los distintos viajes disponibles", "busLookUp"),
("Ver horarios", "Capaz de ver las lineas y las unidades que las recorren en su horario correspondiente", "lineAndTravelR"),
("Mis reservas", "Capaz de ver todas las reservas que ha hecho, junto con la capacidad de pagarlas o cancelarlas", "userReservations"),
("Administrar viajes y líneas", "Capaz de administrar las lineas, junto con sus viajes asignados", "travelAndLineRD"),
("Administrar paradas", "Capaz de administrar las paradas", "stopCRUD"),
("Administrar reservas", "Capaz de administrar todas las reservas", "reserveManagement"),
("Administrar usuarios", "Capaz de administrar usuarios", "userManagement"),
("Administrar unidades", "Capaz de administrar unidades y sus características", "busRD"),
("Estadísticas", "Capaz de entrar en el apartado de estadísticas de la página", "statistics");

INSERT INTO Rol(nombre, descripcion) VALUES 
("Cliente", "Rol predeterminado, sólo gestiona sus reservas y opciones de usuario"),
("Administrador Maestro", "Rol administrativo, tiene todos los permisos y poderes sobre la página"),
("Vetado", "Rol especial, no tiene permisos por lo que es incapaz de utilizar las opciones de la página");

INSERT INTO Tiene(nombre_Rol, nombre_Permiso) VALUES 
("Administrador Maestro", "Reservar"),
("Administrador Maestro", "Ver horarios"),
("Administrador Maestro", "Mis reservas"),
("Administrador Maestro", "Administrar viajes y lineas"),
("Administrador Maestro", "Administrar paradas"),
("Administrador Maestro", "Administrar reservas"),
("Administrador Maestro", "Administrar unidades"),
("Administrador Maestro", "Estadísticas"),
("Cliente", "Reservar"),
("Cliente", "Ver horarios"),
("Cliente", "Mis reservas");

INSERT INTO Usuario (apodo, nombre, apellido, correo, contrasena, telefono, fechaNac, nombre_Rol) VALUES
("Admin", "Snow", "Souls", "snowsouls.trabajo@gmail.com", "$2y$10$u8gCpKkgGUVdO2hzH7A5kexWKxEwcrMr2OFL3a7ZcnjIoFYWtERGi", "22952365", "2001-04-01", "Administrador Maestro"), -- Contraseña: maestro
("Cliente", "Cliente", "Genérico", "cuentagenericauruguay@gmail.com", "$2y$10$jWdg4WMfkNK0A4OeDV90J.FmU9f8lPdJX3fS8DVHHiXkjULXCTVxm", "092423876", "1989-08-24", "Cliente"), -- Contraseña: cliente
("Vetado", "Ban", "Expulsado", "personabaneada_mail_vetado@gmail.com", "$2y$10$fLQ/KfYxPTZ09nmGuRopCuEbiDUgGrgjNHt/e1stBoNWEE4U6TKZC", "098765432", "2002-11-11", "Vetado"); -- Contraseña: baneado

INSERT INTO Parada (direccion, coordenadas, vigencia) VALUES 
("Dr. Luis Correch, Pando, Canelones", "-34.720093940410536, -55.95591682205903", TRUE),-- 1
("Dr. César Piovene, Pando, Canelones", "-34.718974816385526, -55.9619816352974", TRUE),-- 2
("Dr. Luis Correch, Pando, Canelones", "-34.71856353024188, -55.95655463798513", TRUE),-- 3
("Dr. César Piovene, Pando, Canelones", "-34.7178511666622, -55.95801220284688", TRUE),-- 4
("Dr. Luis Alberto de Herrera, Pando, Canelones", "-34.71513950992805, -55.95460814424293", TRUE),-- 5
("Dr. Luis Alberto de Herrera, Pando, Canelones", "-34.71481339669051, -55.95448558170408", TRUE),-- 6
("Dr. Luis Alberto de Herrera, Pando, Canelones", "-34.71333455365755, -55.952939160075104", TRUE),-- 7
("Dr. Luis Alberto de Herrera, Pando, Canelones", "-34.713782243552295, -55.95341669914369", TRUE),-- 8
("Ruta 8 Vieja, Villa Olmos, Canelones", "-34.699083242795375, -55.93005305173731", TRUE),-- 9
("Ruta 8 Vieja, Villa Olmos, Canelones", "-34.69905399180303, -55.930081071484295", TRUE),-- 10
("Ruta 8, -, Canelones", "-34.70122624060395, -55.90272115032479", TRUE),-- 11
("Ruta 8, -, Canelones", "-34.70104947841811, -55.90272646201097", TRUE),-- 12
("Ruta 8, Empalme Olmos, Canelones", "-34.701910215239515, -55.88823892012688", TRUE),-- 13
("Ruta 8, Empalme Olmos, Canelones", "-34.70185393904618, -55.88904218636826", TRUE),-- 14
("Ruta 34, Piedra del Toro, Canelones", "-34.7007749583786, -55.88202120761921", TRUE),-- 15
("Ruta 34, Piedra del Toro, Canelones", "-34.70075015053343, -55.8820259014846", TRUE),-- 16
("Ruta 34, La Montañesa, Canelones", "-34.71997169868557, -55.87853071502219", TRUE),-- 17
("Ruta 34, La Montañesa, Canelones", "-34.72008713850818, -55.87844014798798", TRUE),-- 18
("Ruta 87, -, Canelones", "-34.74654271634111, -55.845769891864684", TRUE),-- 19
("Ruta 87, -, Canelones", "-34.74654540255843, -55.845721173430235", TRUE),-- 20
("Ruta 87, Salinas, Canelones", "-34.76392987143737, -55.84314777823933", TRUE),-- 21
("Ruta 87, Salinas, Canelones", "-34.76392050674451, -55.84310016903328", TRUE),-- 22
("Av. Julieta, Salinas, Canelones", "-34.78390184640986, -55.83788798937505", TRUE);-- 23

INSERT INTO Estado (estado, multiplicador) VALUES 
('R', 1.15),
('M', 1.10),
('N', 1.00),
('B', 0.95),
('E', 0.9); 

INSERT INTO Tramo (idInicial, idFinal, tiempo, distancia, estado_Estado) VALUES 
(1, 3, "00:02", 0.18, 'N'),
(3, 5, "00:04", 0.46, 'N'), 
(5, 7, "00:02", 0.25, 'N'),
(7, 9, "00:12", 2.80, 'M'),
(9, 11, "00:10", 2.60, 'B'),
(11, 13, "00:06", 1.34, 'E'),
(13, 15, "00:05", 0.61, 'B'),
(15, 17, "00:09", 2.40, 'B'),
(17, 19, "00:19", 5.15, 'B'),
(19, 21, "00:07", 1.96, 'B'),
(21, 23, "00:10", 2.27, 'B'),

(23, 22, "00:10", 2.27, 'B'),
(22, 20, "00:07", 1.96, 'B'),
(20, 18, "00:19", 5.15, 'B'),
(18, 16, "00:09", 2.42, 'B'),
(16, 14, "00:05", 0.73, 'B'),
(14, 12, "00:06", 1.27, 'E'),
(12, 10, "00:10", 2.56, 'B'),
(10, 8, "00:12", 2.86, 'M'),
(8, 6, "00:01", 0.15, 'N'),
(6, 4, "00:04", 0.48, 'N'), 
(4, 2, "00:03", 0.38, 'N');

INSERT INTO Linea (nombre, origen, destino, vigencia) VALUES 
("L1", "Pando", "Salinas", true),
("R1", "Salinas", "Pando", true),
("L2", "Villa Olmos", "La Montañesa", false),
("R2", "La Montañesa", "Villa Olmos", true);

INSERT INTO Linea_diaHabil (codigo_Linea, dia) VALUES 
(1, 'D'),
(1, 'L'),
(1, 'M'),
(1, 'X'),
(1, 'J'),
(1, 'V'),
(1, 'S'),

(2, 'L'),
(2, 'M'),
(2, 'X'),
(2, 'J'),
(2, 'V'),

(3, 'V'),
(3, 'S'),
(3, 'D'),

(4, 'V'),
(4, 'S'),
(4, 'D');

INSERT INTO Recorre (codigo_Linea, idInicial_Tramo, idFinal_Tramo, orden) VALUES 
(1, 1, 3, 1),
(1, 3, 5, 2),
(1, 5, 7, 3),
(1, 7, 9, 4),
(1, 9, 11, 5),
(1, 11, 13, 6),
(1, 13, 15, 7),
(1, 15, 17, 8),
(1, 17, 19, 9),
(1, 19, 21, 10),
(1, 21, 23, 11),

(2, 23, 22, 1),
(2, 22, 20, 2),
(2, 20, 18, 3),
(2, 18, 16, 4),
(2, 16, 14, 5),
(2, 14, 12, 6),
(2, 12, 10, 7),
(2, 10, 8, 8),
(2, 8, 6, 9),
(2, 6, 4, 10),
(2, 4, 2, 11),

(3, 9, 11, 1),
(3, 11, 13, 2),
(3, 13, 15, 3),
(3, 15, 17, 4),

(4, 18, 16, 1),
(4, 16, 14, 2),
(4, 14, 12, 3),
(4, 12, 10, 4);

INSERT INTO Unidad(numero, matricula, numeroChasis, capacidadPrimerPiso, capacidadSegundoPiso, vigencia) VALUES
(1, "APE2141", "5YJ3E1EA1HF000123", 45, 0, FALSE),
(2, "ARU7154", "5YJYGFEF9LF234567", 42, 0, TRUE),
(3, "AMT3598", "5YJRNBEF2LF456789", 40, 48, TRUE);

INSERT INTO Caracteristica(numero_Unidad, propiedad, multiplicador) VALUES
(1, "Aire Acondicionado", 1.15),
(1, "Cinturones de Seguridad", 1.05),
(1, "Espacio para Equipaje", 1.00),

(2, "Aire Acondicionado", 1.15),
(2, "Wi-Fi", 1.10),
(2, "Puertos de Carga", 1.10),
(2, "Sanitario", 1.10),
(2, "Cinturones de Seguridad", 1.05),
(2, "Espacio para Equipaje", 1.00),

(3, "Aire Acondicionado", 1.15),
(3, "Sistema de Entretenimiento", 1.10), 
(3, "Wi-Fi", 1.10),
(3, "Puertos de Carga", 1.10),
(3, "Sanitario", 1.10),
(3, "Cinturones de Seguridad", 1.05),
(3, "Espacio para Equipaje", 1.00),
(3, "Accesibilidad", 1.00);

INSERT INTO Salida (horaSalida) VALUES
("00:00"),
("00:30"),
("01:00"),
("01:30"),
("02:00"),
("02:30"),
("03:00"),
("03:30"),
("04:00"),
("04:30"),
("05:00"),
("05:30"),
("06:00"),
("06:30"),
("07:00"),
("07:30"),
("08:00"),
("08:30"),
("09:00"),
("09:30"),
("10:00"),
("10:30"),
("11:00"),
("11:30"),
("12:00"),
("12:30"),
("13:00"),
("13:30"),
("14:00"),
("14:30"),
("15:00"),
("15:30"),
("16:00"),
("16:30"),
("17:00"),
("17:30"),
("18:00"),
("18:30"),
("19:00"),
("19:30"),
("20:00"),
("20:30"),
("21:00"),
("21:30"),
("22:00"),
("22:30"),
("23:00"),
("23:30");

INSERT INTO Llegada (horallegada) VALUES
("00:00"),
("00:30"),
("01:00"),
("01:30"),
("02:00"),
("02:30"),
("03:00"),
("03:30"),
("04:00"),
("04:30"),
("05:00"),
("05:30"),
("06:00"),
("06:30"),
("07:00"),
("07:30"),
("08:00"),
("08:30"),
("09:00"),
("09:30"),
("10:00"),
("10:30"),
("11:00"),
("11:30"),
("12:00"),
("12:30"),
("13:00"),
("13:30"),
("14:00"),
("14:30"),
("15:00"),
("15:30"),
("16:00"),
("16:30"),
("17:00"),
("17:30"),
("18:00"),
("18:30"),
("19:00"),
("19:30"),
("20:00"),
("20:30"),
("21:00"),
("21:30"),
("22:00"),
("22:30"),
("23:00"),
("23:30");

INSERT INTO Parametro(nombre) VALUES
("precioKm"),
("tiempoReserva");

INSERT INTO ParametroDouble(nombre_Parametro, valorDouble) VALUES
("precioKm", 10);

INSERT INTO ParametroTime(nombre_Parametro, valorTime) VALUES
("tiempoReserva", "48:00");

INSERT INTO Transita(codigo_L_Recorre, idInicial_T_Recorre, idFinal_T_Recorre, orden_Recorre, numero_Unidad, horaSalida_Salida, horaLlegada_Llegada) VALUES
(1, 1, 3, 1, 2, "06:00", "07:30"),
(1, 3, 5, 2, 2, "06:00", "07:30"),
(1, 5, 7, 3, 2, "06:00", "07:30"),
(1, 7, 9, 4, 2, "06:00", "07:30"),
(1, 9, 11, 5, 2, "06:00", "07:30"),
(1, 11, 13, 6, 2, "06:00", "07:30"),
(1, 13, 15, 7, 2, "06:00", "07:30"),
(1, 15, 17, 8, 2, "06:00", "07:30"),
(1, 17, 19, 9, 2, "06:00", "07:30"),
(1, 19, 21, 10, 2, "06:00", "07:30"),
(1, 21, 23, 11, 2, "06:00", "07:30"),

(1, 1, 3, 1, 2, "18:00", "19:30"),
(1, 3, 5, 2, 2, "18:00", "19:30"),
(1, 5, 7, 3, 2, "18:00", "19:30"),
(1, 7, 9, 4, 2, "18:00", "19:30"),
(1, 9, 11, 5, 2, "18:00", "19:30"),
(1, 11, 13, 6, 2, "18:00", "19:30"),
(1, 13, 15, 7, 2, "18:00", "19:30"),
(1, 15, 17, 8, 2, "18:00", "19:30"),
(1, 17, 19, 9, 2, "18:00", "19:30"),
(1, 19, 21, 10, 2, "18:00", "19:30"),
(1, 21, 23, 11, 2, "18:00", "19:30"),


(2, 23, 22, 1, 2, "07:00", "08:30"),
(2, 22, 20, 2, 2, "07:00", "08:30"),
(2, 20, 18, 3, 2, "07:00", "08:30"),
(2, 18, 16, 4, 2, "07:00", "08:30"),
(2, 16, 14, 5, 2, "07:00", "08:30"),
(2, 14, 12, 6, 2, "07:00", "08:30"),
(2, 12, 10, 7, 2, "07:00", "08:30"),
(2, 10, 8, 8, 2, "07:00", "08:30"),
(2, 8, 6, 9, 2, "07:00", "08:30"),
(2, 6, 4, 10, 2, "07:00", "08:30"),
(2, 4, 2, 11, 2, "07:00", "08:30"),

(3, 9, 11, 1, 3, "12:00", "12:30"),
(3, 11, 13, 2, 3, "12:00", "12:30"),
(3, 13, 15, 3, 3, "12:00", "12:30"),
(3, 15, 17, 4, 3, "12:00", "12:30"),

(4, 18, 16, 1, 1, "19:00", "19:30"),
(4, 16, 14, 2, 1, "19:00", "19:30"),
(4, 14, 12, 3, 1, "19:00", "19:30"),
(4, 12, 10, 4, 1, "19:00", "19:30");

INSERT INTO Asiento (numero, codigo_L_R_Transita, idInicial_T_R_Transita, idFinal_T_R_Transita, orden_R_Transita, numero_U_Transita, horaSalida_S_Transita, horaLlegada_L_Transita) VALUES
(1, 1, 1, 3, 1, 2, "06:00", "07:30"),
(1, 1, 3, 5, 2, 2, "06:00", "07:30"),
(1, 1, 5, 7, 3, 2, "06:00", "07:30"),
(1, 1, 7, 9, 4, 2, "06:00", "07:30"),
(1, 1, 9, 11, 5, 2, "06:00", "07:30"),
(1, 1, 11, 13, 6, 2, "06:00", "07:30"),
(1, 1, 13, 15, 7, 2, "06:00", "07:30"),
(1, 1, 15, 17, 8, 2, "06:00", "07:30"),
(1, 1, 17, 19, 9, 2, "06:00", "07:30"),
(1, 1, 19, 21, 10, 2, "06:00", "07:30"),
(1, 1, 21, 23, 11, 2, "06:00", "07:30"),

(2, 1, 1, 3, 1, 2, "06:00", "07:30"),
(2, 1, 3, 5, 2, 2, "06:00", "07:30"),
(2, 1, 5, 7, 3, 2, "06:00", "07:30"),
(2, 1, 7, 9, 4, 2, "06:00", "07:30"),
(2, 1, 9, 11, 5, 2, "06:00", "07:30"),
(2, 1, 11, 13, 6, 2, "06:00", "07:30"),
(2, 1, 13, 15, 7, 2, "06:00", "07:30"),
(2, 1, 15, 17, 8, 2, "06:00", "07:30"),
(2, 1, 17, 19, 9, 2, "06:00", "07:30"),
(2, 1, 19, 21, 10, 2, "06:00", "07:30"),
(2, 1, 21, 23, 11, 2, "06:00", "07:30"),

(3, 1, 1, 3, 1, 2, "06:00", "07:30"),
(3, 1, 3, 5, 2, 2, "06:00", "07:30"),
(3, 1, 5, 7, 3, 2, "06:00", "07:30"),
(3, 1, 7, 9, 4, 2, "06:00", "07:30"),
(3, 1, 9, 11, 5, 2, "06:00", "07:30"),
(3, 1, 11, 13, 6, 2, "06:00", "07:30"),
(3, 1, 13, 15, 7, 2, "06:00", "07:30"),
(3, 1, 15, 17, 8, 2, "06:00", "07:30"),
(3, 1, 17, 19, 9, 2, "06:00", "07:30"),
(3, 1, 19, 21, 10, 2, "06:00", "07:30"),
(3, 1, 21, 23, 11, 2, "06:00", "07:30"),

(4, 1, 1, 3, 1, 2, "06:00", "07:30"),
(4, 1, 3, 5, 2, 2, "06:00", "07:30"),
(4, 1, 5, 7, 3, 2, "06:00", "07:30"),
(4, 1, 7, 9, 4, 2, "06:00", "07:30"),
(4, 1, 9, 11, 5, 2, "06:00", "07:30"),
(4, 1, 11, 13, 6, 2, "06:00", "07:30"),
(4, 1, 13, 15, 7, 2, "06:00", "07:30"),
(4, 1, 15, 17, 8, 2, "06:00", "07:30"),
(4, 1, 17, 19, 9, 2, "06:00", "07:30"),
(4, 1, 19, 21, 10, 2, "06:00", "07:30"),
(4, 1, 21, 23, 11, 2, "06:00", "07:30"),

(5, 1, 1, 3, 1, 2, "06:00", "07:30"),
(5, 1, 3, 5, 2, 2, "06:00", "07:30"),
(5, 1, 5, 7, 3, 2, "06:00", "07:30"),
(5, 1, 7, 9, 4, 2, "06:00", "07:30"),
(5, 1, 9, 11, 5, 2, "06:00", "07:30"),
(5, 1, 11, 13, 6, 2, "06:00", "07:30"),
(5, 1, 13, 15, 7, 2, "06:00", "07:30"),
(5, 1, 15, 17, 8, 2, "06:00", "07:30"),
(5, 1, 17, 19, 9, 2, "06:00", "07:30"),
(5, 1, 19, 21, 10, 2, "06:00", "07:30"),
(5, 1, 21, 23, 11, 2, "06:00", "07:30"),

(6, 1, 1, 3, 1, 2, "06:00", "07:30"),
(6, 1, 3, 5, 2, 2, "06:00", "07:30"),
(6, 1, 5, 7, 3, 2, "06:00", "07:30"),
(6, 1, 7, 9, 4, 2, "06:00", "07:30"),
(6, 1, 9, 11, 5, 2, "06:00", "07:30"),
(6, 1, 11, 13, 6, 2, "06:00", "07:30"),
(6, 1, 13, 15, 7, 2, "06:00", "07:30"),
(6, 1, 15, 17, 8, 2, "06:00", "07:30"),
(6, 1, 17, 19, 9, 2, "06:00", "07:30"),
(6, 1, 19, 21, 10, 2, "06:00", "07:30"),
(6, 1, 21, 23, 11, 2, "06:00", "07:30"),

(7, 1, 1, 3, 1, 2, "06:00", "07:30"),
(7, 1, 3, 5, 2, 2, "06:00", "07:30"),
(7, 1, 5, 7, 3, 2, "06:00", "07:30"),
(7, 1, 7, 9, 4, 2, "06:00", "07:30"),
(7, 1, 9, 11, 5, 2, "06:00", "07:30"),
(7, 1, 11, 13, 6, 2, "06:00", "07:30"),
(7, 1, 13, 15, 7, 2, "06:00", "07:30"),
(7, 1, 15, 17, 8, 2, "06:00", "07:30"),
(7, 1, 17, 19, 9, 2, "06:00", "07:30"),
(7, 1, 19, 21, 10, 2, "06:00", "07:30"),
(7, 1, 21, 23, 11, 2, "06:00", "07:30"),

(8, 1, 1, 3, 1, 2, "06:00", "07:30"),
(8, 1, 3, 5, 2, 2, "06:00", "07:30"),
(8, 1, 5, 7, 3, 2, "06:00", "07:30"),
(8, 1, 7, 9, 4, 2, "06:00", "07:30"),
(8, 1, 9, 11, 5, 2, "06:00", "07:30"),
(8, 1, 11, 13, 6, 2, "06:00", "07:30"),
(8, 1, 13, 15, 7, 2, "06:00", "07:30"),
(8, 1, 15, 17, 8, 2, "06:00", "07:30"),
(8, 1, 17, 19, 9, 2, "06:00", "07:30"),
(8, 1, 19, 21, 10, 2, "06:00", "07:30"),
(8, 1, 21, 23, 11, 2, "06:00", "07:30"),

(9, 1, 1, 3, 1, 2, "06:00", "07:30"),
(9, 1, 3, 5, 2, 2, "06:00", "07:30"),
(9, 1, 5, 7, 3, 2, "06:00", "07:30"),
(9, 1, 7, 9, 4, 2, "06:00", "07:30"),
(9, 1, 9, 11, 5, 2, "06:00", "07:30"),
(9, 1, 11, 13, 6, 2, "06:00", "07:30"),
(9, 1, 13, 15, 7, 2, "06:00", "07:30"),
(9, 1, 15, 17, 8, 2, "06:00", "07:30"),
(9, 1, 17, 19, 9, 2, "06:00", "07:30"),
(9, 1, 19, 21, 10, 2, "06:00", "07:30"),
(9, 1, 21, 23, 11, 2, "06:00", "07:30"),

(10, 1, 1, 3, 1, 2, "06:00", "07:30"),
(10, 1, 3, 5, 2, 2, "06:00", "07:30"),
(10, 1, 5, 7, 3, 2, "06:00", "07:30"),
(10, 1, 7, 9, 4, 2, "06:00", "07:30"),
(10, 1, 9, 11, 5, 2, "06:00", "07:30"),
(10, 1, 11, 13, 6, 2, "06:00", "07:30"),
(10, 1, 13, 15, 7, 2, "06:00", "07:30"),
(10, 1, 15, 17, 8, 2, "06:00", "07:30"),
(10, 1, 17, 19, 9, 2, "06:00", "07:30"),
(10, 1, 19, 21, 10, 2, "06:00", "07:30"),
(10, 1, 21, 23, 11, 2, "06:00", "07:30"),

(11, 1, 1, 3, 1, 2, "06:00", "07:30"),
(11, 1, 3, 5, 2, 2, "06:00", "07:30"),
(11, 1, 5, 7, 3, 2, "06:00", "07:30"),
(11, 1, 7, 9, 4, 2, "06:00", "07:30"),
(11, 1, 9, 11, 5, 2, "06:00", "07:30"),
(11, 1, 11, 13, 6, 2, "06:00", "07:30"),
(11, 1, 13, 15, 7, 2, "06:00", "07:30"),
(11, 1, 15, 17, 8, 2, "06:00", "07:30"),
(11, 1, 17, 19, 9, 2, "06:00", "07:30"),
(11, 1, 19, 21, 10, 2, "06:00", "07:30"),
(11, 1, 21, 23, 11, 2, "06:00", "07:30"),

(12, 1, 1, 3, 1, 2, "06:00", "07:30"),
(12, 1, 3, 5, 2, 2, "06:00", "07:30"),
(12, 1, 5, 7, 3, 2, "06:00", "07:30"),
(12, 1, 7, 9, 4, 2, "06:00", "07:30"),
(12, 1, 9, 11, 5, 2, "06:00", "07:30"),
(12, 1, 11, 13, 6, 2, "06:00", "07:30"),
(12, 1, 13, 15, 7, 2, "06:00", "07:30"),
(12, 1, 15, 17, 8, 2, "06:00", "07:30"),
(12, 1, 17, 19, 9, 2, "06:00", "07:30"),
(12, 1, 19, 21, 10, 2, "06:00", "07:30"),
(12, 1, 21, 23, 11, 2, "06:00", "07:30"),

(13, 1, 1, 3, 1, 2, "06:00", "07:30"),
(13, 1, 3, 5, 2, 2, "06:00", "07:30"),
(13, 1, 5, 7, 3, 2, "06:00", "07:30"),
(13, 1, 7, 9, 4, 2, "06:00", "07:30"),
(13, 1, 9, 11, 5, 2, "06:00", "07:30"),
(13, 1, 11, 13, 6, 2, "06:00", "07:30"),
(13, 1, 13, 15, 7, 2, "06:00", "07:30"),
(13, 1, 15, 17, 8, 2, "06:00", "07:30"),
(13, 1, 17, 19, 9, 2, "06:00", "07:30"),
(13, 1, 19, 21, 10, 2, "06:00", "07:30"),
(13, 1, 21, 23, 11, 2, "06:00", "07:30"),

(14, 1, 1, 3, 1, 2, "06:00", "07:30"),
(14, 1, 3, 5, 2, 2, "06:00", "07:30"),
(14, 1, 5, 7, 3, 2, "06:00", "07:30"),
(14, 1, 7, 9, 4, 2, "06:00", "07:30"),
(14, 1, 9, 11, 5, 2, "06:00", "07:30"),
(14, 1, 11, 13, 6, 2, "06:00", "07:30"),
(14, 1, 13, 15, 7, 2, "06:00", "07:30"),
(14, 1, 15, 17, 8, 2, "06:00", "07:30"),
(14, 1, 17, 19, 9, 2, "06:00", "07:30"),
(14, 1, 19, 21, 10, 2, "06:00", "07:30"),
(14, 1, 21, 23, 11, 2, "06:00", "07:30"),

(15, 1, 1, 3, 1, 2, "06:00", "07:30"),
(15, 1, 3, 5, 2, 2, "06:00", "07:30"),
(15, 1, 5, 7, 3, 2, "06:00", "07:30"),
(15, 1, 7, 9, 4, 2, "06:00", "07:30"),
(15, 1, 9, 11, 5, 2, "06:00", "07:30"),
(15, 1, 11, 13, 6, 2, "06:00", "07:30"),
(15, 1, 13, 15, 7, 2, "06:00", "07:30"),
(15, 1, 15, 17, 8, 2, "06:00", "07:30"),
(15, 1, 17, 19, 9, 2, "06:00", "07:30"),
(15, 1, 19, 21, 10, 2, "06:00", "07:30"),
(15, 1, 21, 23, 11, 2, "06:00", "07:30"),

(16, 1, 1, 3, 1, 2, "06:00", "07:30"),
(16, 1, 3, 5, 2, 2, "06:00", "07:30"),
(16, 1, 5, 7, 3, 2, "06:00", "07:30"),
(16, 1, 7, 9, 4, 2, "06:00", "07:30"),
(16, 1, 9, 11, 5, 2, "06:00", "07:30"),
(16, 1, 11, 13, 6, 2, "06:00", "07:30"),
(16, 1, 13, 15, 7, 2, "06:00", "07:30"),
(16, 1, 15, 17, 8, 2, "06:00", "07:30"),
(16, 1, 17, 19, 9, 2, "06:00", "07:30"),
(16, 1, 19, 21, 10, 2, "06:00", "07:30"),
(16, 1, 21, 23, 11, 2, "06:00", "07:30"),

(17, 1, 1, 3, 1, 2, "06:00", "07:30"),
(17, 1, 3, 5, 2, 2, "06:00", "07:30"),
(17, 1, 5, 7, 3, 2, "06:00", "07:30"),
(17, 1, 7, 9, 4, 2, "06:00", "07:30"),
(17, 1, 9, 11, 5, 2, "06:00", "07:30"),
(17, 1, 11, 13, 6, 2, "06:00", "07:30"),
(17, 1, 13, 15, 7, 2, "06:00", "07:30"),
(17, 1, 15, 17, 8, 2, "06:00", "07:30"),
(17, 1, 17, 19, 9, 2, "06:00", "07:30"),
(17, 1, 19, 21, 10, 2, "06:00", "07:30"),
(17, 1, 21, 23, 11, 2, "06:00", "07:30"),

(18, 1, 1, 3, 1, 2, "06:00", "07:30"),
(18, 1, 3, 5, 2, 2, "06:00", "07:30"),
(18, 1, 5, 7, 3, 2, "06:00", "07:30"),
(18, 1, 7, 9, 4, 2, "06:00", "07:30"),
(18, 1, 9, 11, 5, 2, "06:00", "07:30"),
(18, 1, 11, 13, 6, 2, "06:00", "07:30"),
(18, 1, 13, 15, 7, 2, "06:00", "07:30"),
(18, 1, 15, 17, 8, 2, "06:00", "07:30"),
(18, 1, 17, 19, 9, 2, "06:00", "07:30"),
(18, 1, 19, 21, 10, 2, "06:00", "07:30"),
(18, 1, 21, 23, 11, 2, "06:00", "07:30"),

(19, 1, 1, 3, 1, 2, "06:00", "07:30"),
(19, 1, 3, 5, 2, 2, "06:00", "07:30"),
(19, 1, 5, 7, 3, 2, "06:00", "07:30"),
(19, 1, 7, 9, 4, 2, "06:00", "07:30"),
(19, 1, 9, 11, 5, 2, "06:00", "07:30"),
(19, 1, 11, 13, 6, 2, "06:00", "07:30"),
(19, 1, 13, 15, 7, 2, "06:00", "07:30"),
(19, 1, 15, 17, 8, 2, "06:00", "07:30"),
(19, 1, 17, 19, 9, 2, "06:00", "07:30"),
(19, 1, 19, 21, 10, 2, "06:00", "07:30"),
(19, 1, 21, 23, 11, 2, "06:00", "07:30"),

(20, 1, 1, 3, 1, 2, "06:00", "07:30"),
(20, 1, 3, 5, 2, 2, "06:00", "07:30"),
(20, 1, 5, 7, 3, 2, "06:00", "07:30"),
(20, 1, 7, 9, 4, 2, "06:00", "07:30"),
(20, 1, 9, 11, 5, 2, "06:00", "07:30"),
(20, 1, 11, 13, 6, 2, "06:00", "07:30"),
(20, 1, 13, 15, 7, 2, "06:00", "07:30"),
(20, 1, 15, 17, 8, 2, "06:00", "07:30"),
(20, 1, 17, 19, 9, 2, "06:00", "07:30"),
(20, 1, 19, 21, 10, 2, "06:00", "07:30"),
(20, 1, 21, 23, 11, 2, "06:00", "07:30"),

(21, 1, 1, 3, 1, 2, "06:00", "07:30"),
(21, 1, 3, 5, 2, 2, "06:00", "07:30"),
(21, 1, 5, 7, 3, 2, "06:00", "07:30"),
(21, 1, 7, 9, 4, 2, "06:00", "07:30"),
(21, 1, 9, 11, 5, 2, "06:00", "07:30"),
(21, 1, 11, 13, 6, 2, "06:00", "07:30"),
(21, 1, 13, 15, 7, 2, "06:00", "07:30"),
(21, 1, 15, 17, 8, 2, "06:00", "07:30"),
(21, 1, 17, 19, 9, 2, "06:00", "07:30"),
(21, 1, 19, 21, 10, 2, "06:00", "07:30"),
(21, 1, 21, 23, 11, 2, "06:00", "07:30"),

(22, 1, 1, 3, 1, 2, "06:00", "07:30"),
(22, 1, 3, 5, 2, 2, "06:00", "07:30"),
(22, 1, 5, 7, 3, 2, "06:00", "07:30"),
(22, 1, 7, 9, 4, 2, "06:00", "07:30"),
(22, 1, 9, 11, 5, 2, "06:00", "07:30"),
(22, 1, 11, 13, 6, 2, "06:00", "07:30"),
(22, 1, 13, 15, 7, 2, "06:00", "07:30"),
(22, 1, 15, 17, 8, 2, "06:00", "07:30"),
(22, 1, 17, 19, 9, 2, "06:00", "07:30"),
(22, 1, 19, 21, 10, 2, "06:00", "07:30"),
(22, 1, 21, 23, 11, 2, "06:00", "07:30"),

(23, 1, 1, 3, 1, 2, "06:00", "07:30"),
(23, 1, 3, 5, 2, 2, "06:00", "07:30"),
(23, 1, 5, 7, 3, 2, "06:00", "07:30"),
(23, 1, 7, 9, 4, 2, "06:00", "07:30"),
(23, 1, 9, 11, 5, 2, "06:00", "07:30"),
(23, 1, 11, 13, 6, 2, "06:00", "07:30"),
(23, 1, 13, 15, 7, 2, "06:00", "07:30"),
(23, 1, 15, 17, 8, 2, "06:00", "07:30"),
(23, 1, 17, 19, 9, 2, "06:00", "07:30"),
(23, 1, 19, 21, 10, 2, "06:00", "07:30"),
(23, 1, 21, 23, 11, 2, "06:00", "07:30"),

(24, 1, 1, 3, 1, 2, "06:00", "07:30"),
(24, 1, 3, 5, 2, 2, "06:00", "07:30"),
(24, 1, 5, 7, 3, 2, "06:00", "07:30"),
(24, 1, 7, 9, 4, 2, "06:00", "07:30"),
(24, 1, 9, 11, 5, 2, "06:00", "07:30"),
(24, 1, 11, 13, 6, 2, "06:00", "07:30"),
(24, 1, 13, 15, 7, 2, "06:00", "07:30"),
(24, 1, 15, 17, 8, 2, "06:00", "07:30"),
(24, 1, 17, 19, 9, 2, "06:00", "07:30"),
(24, 1, 19, 21, 10, 2, "06:00", "07:30"),
(24, 1, 21, 23, 11, 2, "06:00", "07:30"),

(25, 1, 1, 3, 1, 2, "06:00", "07:30"),
(25, 1, 3, 5, 2, 2, "06:00", "07:30"),
(25, 1, 5, 7, 3, 2, "06:00", "07:30"),
(25, 1, 7, 9, 4, 2, "06:00", "07:30"),
(25, 1, 9, 11, 5, 2, "06:00", "07:30"),
(25, 1, 11, 13, 6, 2, "06:00", "07:30"),
(25, 1, 13, 15, 7, 2, "06:00", "07:30"),
(25, 1, 15, 17, 8, 2, "06:00", "07:30"),
(25, 1, 17, 19, 9, 2, "06:00", "07:30"),
(25, 1, 19, 21, 10, 2, "06:00", "07:30"),
(25, 1, 21, 23, 11, 2, "06:00", "07:30"),

(26, 1, 1, 3, 1, 2, "06:00", "07:30"),
(26, 1, 3, 5, 2, 2, "06:00", "07:30"),
(26, 1, 5, 7, 3, 2, "06:00", "07:30"),
(26, 1, 7, 9, 4, 2, "06:00", "07:30"),
(26, 1, 9, 11, 5, 2, "06:00", "07:30"),
(26, 1, 11, 13, 6, 2, "06:00", "07:30"),
(26, 1, 13, 15, 7, 2, "06:00", "07:30"),
(26, 1, 15, 17, 8, 2, "06:00", "07:30"),
(26, 1, 17, 19, 9, 2, "06:00", "07:30"),
(26, 1, 19, 21, 10, 2, "06:00", "07:30"),
(26, 1, 21, 23, 11, 2, "06:00", "07:30"),

(27, 1, 1, 3, 1, 2, "06:00", "07:30"),
(27, 1, 3, 5, 2, 2, "06:00", "07:30"),
(27, 1, 5, 7, 3, 2, "06:00", "07:30"),
(27, 1, 7, 9, 4, 2, "06:00", "07:30"),
(27, 1, 9, 11, 5, 2, "06:00", "07:30"),
(27, 1, 11, 13, 6, 2, "06:00", "07:30"),
(27, 1, 13, 15, 7, 2, "06:00", "07:30"),
(27, 1, 15, 17, 8, 2, "06:00", "07:30"),
(27, 1, 17, 19, 9, 2, "06:00", "07:30"),
(27, 1, 19, 21, 10, 2, "06:00", "07:30"),
(27, 1, 21, 23, 11, 2, "06:00", "07:30"),

(28, 1, 1, 3, 1, 2, "06:00", "07:30"),
(28, 1, 3, 5, 2, 2, "06:00", "07:30"),
(28, 1, 5, 7, 3, 2, "06:00", "07:30"),
(28, 1, 7, 9, 4, 2, "06:00", "07:30"),
(28, 1, 9, 11, 5, 2, "06:00", "07:30"),
(28, 1, 11, 13, 6, 2, "06:00", "07:30"),
(28, 1, 13, 15, 7, 2, "06:00", "07:30"),
(28, 1, 15, 17, 8, 2, "06:00", "07:30"),
(28, 1, 17, 19, 9, 2, "06:00", "07:30"),
(28, 1, 19, 21, 10, 2, "06:00", "07:30"),
(28, 1, 21, 23, 11, 2, "06:00", "07:30"),

(29, 1, 1, 3, 1, 2, "06:00", "07:30"),
(29, 1, 3, 5, 2, 2, "06:00", "07:30"),
(29, 1, 5, 7, 3, 2, "06:00", "07:30"),
(29, 1, 7, 9, 4, 2, "06:00", "07:30"),
(29, 1, 9, 11, 5, 2, "06:00", "07:30"),
(29, 1, 11, 13, 6, 2, "06:00", "07:30"),
(29, 1, 13, 15, 7, 2, "06:00", "07:30"),
(29, 1, 15, 17, 8, 2, "06:00", "07:30"),
(29, 1, 17, 19, 9, 2, "06:00", "07:30"),
(29, 1, 19, 21, 10, 2, "06:00", "07:30"),
(29, 1, 21, 23, 11, 2, "06:00", "07:30"),

(30, 1, 1, 3, 1, 2, "06:00", "07:30"),
(30, 1, 3, 5, 2, 2, "06:00", "07:30"),
(30, 1, 5, 7, 3, 2, "06:00", "07:30"),
(30, 1, 7, 9, 4, 2, "06:00", "07:30"),
(30, 1, 9, 11, 5, 2, "06:00", "07:30"),
(30, 1, 11, 13, 6, 2, "06:00", "07:30"),
(30, 1, 13, 15, 7, 2, "06:00", "07:30"),
(30, 1, 15, 17, 8, 2, "06:00", "07:30"),
(30, 1, 17, 19, 9, 2, "06:00", "07:30"),
(30, 1, 19, 21, 10, 2, "06:00", "07:30"),
(30, 1, 21, 23, 11, 2, "06:00", "07:30"),

(31, 1, 1, 3, 1, 2, "06:00", "07:30"),
(31, 1, 3, 5, 2, 2, "06:00", "07:30"),
(31, 1, 5, 7, 3, 2, "06:00", "07:30"),
(31, 1, 7, 9, 4, 2, "06:00", "07:30"),
(31, 1, 9, 11, 5, 2, "06:00", "07:30"),
(31, 1, 11, 13, 6, 2, "06:00", "07:30"),
(31, 1, 13, 15, 7, 2, "06:00", "07:30"),
(31, 1, 15, 17, 8, 2, "06:00", "07:30"),
(31, 1, 17, 19, 9, 2, "06:00", "07:30"),
(31, 1, 19, 21, 10, 2, "06:00", "07:30"),
(31, 1, 21, 23, 11, 2, "06:00", "07:30"),

(32, 1, 1, 3, 1, 2, "06:00", "07:30"),
(32, 1, 3, 5, 2, 2, "06:00", "07:30"),
(32, 1, 5, 7, 3, 2, "06:00", "07:30"),
(32, 1, 7, 9, 4, 2, "06:00", "07:30"),
(32, 1, 9, 11, 5, 2, "06:00", "07:30"),
(32, 1, 11, 13, 6, 2, "06:00", "07:30"),
(32, 1, 13, 15, 7, 2, "06:00", "07:30"),
(32, 1, 15, 17, 8, 2, "06:00", "07:30"),
(32, 1, 17, 19, 9, 2, "06:00", "07:30"),
(32, 1, 19, 21, 10, 2, "06:00", "07:30"),
(32, 1, 21, 23, 11, 2, "06:00", "07:30"),

(33, 1, 1, 3, 1, 2, "06:00", "07:30"),
(33, 1, 3, 5, 2, 2, "06:00", "07:30"),
(33, 1, 5, 7, 3, 2, "06:00", "07:30"),
(33, 1, 7, 9, 4, 2, "06:00", "07:30"),
(33, 1, 9, 11, 5, 2, "06:00", "07:30"),
(33, 1, 11, 13, 6, 2, "06:00", "07:30"),
(33, 1, 13, 15, 7, 2, "06:00", "07:30"),
(33, 1, 15, 17, 8, 2, "06:00", "07:30"),
(33, 1, 17, 19, 9, 2, "06:00", "07:30"),
(33, 1, 19, 21, 10, 2, "06:00", "07:30"),
(33, 1, 21, 23, 11, 2, "06:00", "07:30"),

(34, 1, 1, 3, 1, 2, "06:00", "07:30"),
(34, 1, 3, 5, 2, 2, "06:00", "07:30"),
(34, 1, 5, 7, 3, 2, "06:00", "07:30"),
(34, 1, 7, 9, 4, 2, "06:00", "07:30"),
(34, 1, 9, 11, 5, 2, "06:00", "07:30"),
(34, 1, 11, 13, 6, 2, "06:00", "07:30"),
(34, 1, 13, 15, 7, 2, "06:00", "07:30"),
(34, 1, 15, 17, 8, 2, "06:00", "07:30"),
(34, 1, 17, 19, 9, 2, "06:00", "07:30"),
(34, 1, 19, 21, 10, 2, "06:00", "07:30"),
(34, 1, 21, 23, 11, 2, "06:00", "07:30"),

(35, 1, 1, 3, 1, 2, "06:00", "07:30"),
(35, 1, 3, 5, 2, 2, "06:00", "07:30"),
(35, 1, 5, 7, 3, 2, "06:00", "07:30"),
(35, 1, 7, 9, 4, 2, "06:00", "07:30"),
(35, 1, 9, 11, 5, 2, "06:00", "07:30"),
(35, 1, 11, 13, 6, 2, "06:00", "07:30"),
(35, 1, 13, 15, 7, 2, "06:00", "07:30"),
(35, 1, 15, 17, 8, 2, "06:00", "07:30"),
(35, 1, 17, 19, 9, 2, "06:00", "07:30"),
(35, 1, 19, 21, 10, 2, "06:00", "07:30"),
(35, 1, 21, 23, 11, 2, "06:00", "07:30"),

(36, 1, 1, 3, 1, 2, "06:00", "07:30"),
(36, 1, 3, 5, 2, 2, "06:00", "07:30"),
(36, 1, 5, 7, 3, 2, "06:00", "07:30"),
(36, 1, 7, 9, 4, 2, "06:00", "07:30"),
(36, 1, 9, 11, 5, 2, "06:00", "07:30"),
(36, 1, 11, 13, 6, 2, "06:00", "07:30"),
(36, 1, 13, 15, 7, 2, "06:00", "07:30"),
(36, 1, 15, 17, 8, 2, "06:00", "07:30"),
(36, 1, 17, 19, 9, 2, "06:00", "07:30"),
(36, 1, 19, 21, 10, 2, "06:00", "07:30"),
(36, 1, 21, 23, 11, 2, "06:00", "07:30"),

(37, 1, 1, 3, 1, 2, "06:00", "07:30"),
(37, 1, 3, 5, 2, 2, "06:00", "07:30"),
(37, 1, 5, 7, 3, 2, "06:00", "07:30"),
(37, 1, 7, 9, 4, 2, "06:00", "07:30"),
(37, 1, 9, 11, 5, 2, "06:00", "07:30"),
(37, 1, 11, 13, 6, 2, "06:00", "07:30"),
(37, 1, 13, 15, 7, 2, "06:00", "07:30"),
(37, 1, 15, 17, 8, 2, "06:00", "07:30"),
(37, 1, 17, 19, 9, 2, "06:00", "07:30"),
(37, 1, 19, 21, 10, 2, "06:00", "07:30"),
(37, 1, 21, 23, 11, 2, "06:00", "07:30"),

(38, 1, 1, 3, 1, 2, "06:00", "07:30"),
(38, 1, 3, 5, 2, 2, "06:00", "07:30"),
(38, 1, 5, 7, 3, 2, "06:00", "07:30"),
(38, 1, 7, 9, 4, 2, "06:00", "07:30"),
(38, 1, 9, 11, 5, 2, "06:00", "07:30"),
(38, 1, 11, 13, 6, 2, "06:00", "07:30"),
(38, 1, 13, 15, 7, 2, "06:00", "07:30"),
(38, 1, 15, 17, 8, 2, "06:00", "07:30"),
(38, 1, 17, 19, 9, 2, "06:00", "07:30"),
(38, 1, 19, 21, 10, 2, "06:00", "07:30"),
(38, 1, 21, 23, 11, 2, "06:00", "07:30"),

(39, 1, 1, 3, 1, 2, "06:00", "07:30"),
(39, 1, 3, 5, 2, 2, "06:00", "07:30"),
(39, 1, 5, 7, 3, 2, "06:00", "07:30"),
(39, 1, 7, 9, 4, 2, "06:00", "07:30"),
(39, 1, 9, 11, 5, 2, "06:00", "07:30"),
(39, 1, 11, 13, 6, 2, "06:00", "07:30"),
(39, 1, 13, 15, 7, 2, "06:00", "07:30"),
(39, 1, 15, 17, 8, 2, "06:00", "07:30"),
(39, 1, 17, 19, 9, 2, "06:00", "07:30"),
(39, 1, 19, 21, 10, 2, "06:00", "07:30"),
(39, 1, 21, 23, 11, 2, "06:00", "07:30"),

(40, 1, 1, 3, 1, 2, "06:00", "07:30"),
(40, 1, 3, 5, 2, 2, "06:00", "07:30"),
(40, 1, 5, 7, 3, 2, "06:00", "07:30"),
(40, 1, 7, 9, 4, 2, "06:00", "07:30"),
(40, 1, 9, 11, 5, 2, "06:00", "07:30"),
(40, 1, 11, 13, 6, 2, "06:00", "07:30"),
(40, 1, 13, 15, 7, 2, "06:00", "07:30"),
(40, 1, 15, 17, 8, 2, "06:00", "07:30"),
(40, 1, 17, 19, 9, 2, "06:00", "07:30"),
(40, 1, 19, 21, 10, 2, "06:00", "07:30"),
(40, 1, 21, 23, 11, 2, "06:00", "07:30"),

(41, 1, 1, 3, 1, 2, "06:00", "07:30"),
(41, 1, 3, 5, 2, 2, "06:00", "07:30"),
(41, 1, 5, 7, 3, 2, "06:00", "07:30"),
(41, 1, 7, 9, 4, 2, "06:00", "07:30"),
(41, 1, 9, 11, 5, 2, "06:00", "07:30"),
(41, 1, 11, 13, 6, 2, "06:00", "07:30"),
(41, 1, 13, 15, 7, 2, "06:00", "07:30"),
(41, 1, 15, 17, 8, 2, "06:00", "07:30"),
(41, 1, 17, 19, 9, 2, "06:00", "07:30"),
(41, 1, 19, 21, 10, 2, "06:00", "07:30"),
(41, 1, 21, 23, 11, 2, "06:00", "07:30"),

(42, 1, 1, 3, 1, 2, "06:00", "07:30"),
(42, 1, 3, 5, 2, 2, "06:00", "07:30"),
(42, 1, 5, 7, 3, 2, "06:00", "07:30"),
(42, 1, 7, 9, 4, 2, "06:00", "07:30"),
(42, 1, 9, 11, 5, 2, "06:00", "07:30"),
(42, 1, 11, 13, 6, 2, "06:00", "07:30"),
(42, 1, 13, 15, 7, 2, "06:00", "07:30"),
(42, 1, 15, 17, 8, 2, "06:00", "07:30"),
(42, 1, 17, 19, 9, 2, "06:00", "07:30"),
(42, 1, 19, 21, 10, 2, "06:00", "07:30"),
(42, 1, 21, 23, 11, 2, "06:00", "07:30"),



(1, 1, 1, 3, 1, 2, "18:00", "19:30"),
(1, 1, 3, 5, 2, 2, "18:00", "19:30"),
(1, 1, 5, 7, 3, 2, "18:00", "19:30"),
(1, 1, 7, 9, 4, 2, "18:00", "19:30"),
(1, 1, 9, 11, 5, 2, "18:00", "19:30"),
(1, 1, 11, 13, 6, 2, "18:00", "19:30"),
(1, 1, 13, 15, 7, 2, "18:00", "19:30"),
(1, 1, 15, 17, 8, 2, "18:00", "19:30"),
(1, 1, 17, 19, 9, 2, "18:00", "19:30"),
(1, 1, 19, 21, 10, 2, "18:00", "19:30"),
(1, 1, 21, 23, 11, 2, "18:00", "19:30"),

(2, 1, 1, 3, 1, 2, "18:00", "19:30"),
(2, 1, 3, 5, 2, 2, "18:00", "19:30"),
(2, 1, 5, 7, 3, 2, "18:00", "19:30"),
(2, 1, 7, 9, 4, 2, "18:00", "19:30"),
(2, 1, 9, 11, 5, 2, "18:00", "19:30"),
(2, 1, 11, 13, 6, 2, "18:00", "19:30"),
(2, 1, 13, 15, 7, 2, "18:00", "19:30"),
(2, 1, 15, 17, 8, 2, "18:00", "19:30"),
(2, 1, 17, 19, 9, 2, "18:00", "19:30"),
(2, 1, 19, 21, 10, 2, "18:00", "19:30"),
(2, 1, 21, 23, 11, 2, "18:00", "19:30"),

(3, 1, 1, 3, 1, 2, "18:00", "19:30"),
(3, 1, 3, 5, 2, 2, "18:00", "19:30"),
(3, 1, 5, 7, 3, 2, "18:00", "19:30"),
(3, 1, 7, 9, 4, 2, "18:00", "19:30"),
(3, 1, 9, 11, 5, 2, "18:00", "19:30"),
(3, 1, 11, 13, 6, 2, "18:00", "19:30"),
(3, 1, 13, 15, 7, 2, "18:00", "19:30"),
(3, 1, 15, 17, 8, 2, "18:00", "19:30"),
(3, 1, 17, 19, 9, 2, "18:00", "19:30"),
(3, 1, 19, 21, 10, 2, "18:00", "19:30"),
(3, 1, 21, 23, 11, 2, "18:00", "19:30"),

(4, 1, 1, 3, 1, 2, "18:00", "19:30"),
(4, 1, 3, 5, 2, 2, "18:00", "19:30"),
(4, 1, 5, 7, 3, 2, "18:00", "19:30"),
(4, 1, 7, 9, 4, 2, "18:00", "19:30"),
(4, 1, 9, 11, 5, 2, "18:00", "19:30"),
(4, 1, 11, 13, 6, 2, "18:00", "19:30"),
(4, 1, 13, 15, 7, 2, "18:00", "19:30"),
(4, 1, 15, 17, 8, 2, "18:00", "19:30"),
(4, 1, 17, 19, 9, 2, "18:00", "19:30"),
(4, 1, 19, 21, 10, 2, "18:00", "19:30"),
(4, 1, 21, 23, 11, 2, "18:00", "19:30"),

(5, 1, 1, 3, 1, 2, "18:00", "19:30"),
(5, 1, 3, 5, 2, 2, "18:00", "19:30"),
(5, 1, 5, 7, 3, 2, "18:00", "19:30"),
(5, 1, 7, 9, 4, 2, "18:00", "19:30"),
(5, 1, 9, 11, 5, 2, "18:00", "19:30"),
(5, 1, 11, 13, 6, 2, "18:00", "19:30"),
(5, 1, 13, 15, 7, 2, "18:00", "19:30"),
(5, 1, 15, 17, 8, 2, "18:00", "19:30"),
(5, 1, 17, 19, 9, 2, "18:00", "19:30"),
(5, 1, 19, 21, 10, 2, "18:00", "19:30"),
(5, 1, 21, 23, 11, 2, "18:00", "19:30"),

(6, 1, 1, 3, 1, 2, "18:00", "19:30"),
(6, 1, 3, 5, 2, 2, "18:00", "19:30"),
(6, 1, 5, 7, 3, 2, "18:00", "19:30"),
(6, 1, 7, 9, 4, 2, "18:00", "19:30"),
(6, 1, 9, 11, 5, 2, "18:00", "19:30"),
(6, 1, 11, 13, 6, 2, "18:00", "19:30"),
(6, 1, 13, 15, 7, 2, "18:00", "19:30"),
(6, 1, 15, 17, 8, 2, "18:00", "19:30"),
(6, 1, 17, 19, 9, 2, "18:00", "19:30"),
(6, 1, 19, 21, 10, 2, "18:00", "19:30"),
(6, 1, 21, 23, 11, 2, "18:00", "19:30"),

(7, 1, 1, 3, 1, 2, "18:00", "19:30"),
(7, 1, 3, 5, 2, 2, "18:00", "19:30"),
(7, 1, 5, 7, 3, 2, "18:00", "19:30"),
(7, 1, 7, 9, 4, 2, "18:00", "19:30"),
(7, 1, 9, 11, 5, 2, "18:00", "19:30"),
(7, 1, 11, 13, 6, 2, "18:00", "19:30"),
(7, 1, 13, 15, 7, 2, "18:00", "19:30"),
(7, 1, 15, 17, 8, 2, "18:00", "19:30"),
(7, 1, 17, 19, 9, 2, "18:00", "19:30"),
(7, 1, 19, 21, 10, 2, "18:00", "19:30"),
(7, 1, 21, 23, 11, 2, "18:00", "19:30"),

(8, 1, 1, 3, 1, 2, "18:00", "19:30"),
(8, 1, 3, 5, 2, 2, "18:00", "19:30"),
(8, 1, 5, 7, 3, 2, "18:00", "19:30"),
(8, 1, 7, 9, 4, 2, "18:00", "19:30"),
(8, 1, 9, 11, 5, 2, "18:00", "19:30"),
(8, 1, 11, 13, 6, 2, "18:00", "19:30"),
(8, 1, 13, 15, 7, 2, "18:00", "19:30"),
(8, 1, 15, 17, 8, 2, "18:00", "19:30"),
(8, 1, 17, 19, 9, 2, "18:00", "19:30"),
(8, 1, 19, 21, 10, 2, "18:00", "19:30"),
(8, 1, 21, 23, 11, 2, "18:00", "19:30"),

(9, 1, 1, 3, 1, 2, "18:00", "19:30"),
(9, 1, 3, 5, 2, 2, "18:00", "19:30"),
(9, 1, 5, 7, 3, 2, "18:00", "19:30"),
(9, 1, 7, 9, 4, 2, "18:00", "19:30"),
(9, 1, 9, 11, 5, 2, "18:00", "19:30"),
(9, 1, 11, 13, 6, 2, "18:00", "19:30"),
(9, 1, 13, 15, 7, 2, "18:00", "19:30"),
(9, 1, 15, 17, 8, 2, "18:00", "19:30"),
(9, 1, 17, 19, 9, 2, "18:00", "19:30"),
(9, 1, 19, 21, 10, 2, "18:00", "19:30"),
(9, 1, 21, 23, 11, 2, "18:00", "19:30"),

(10, 1, 1, 3, 1, 2, "18:00", "19:30"),
(10, 1, 3, 5, 2, 2, "18:00", "19:30"),
(10, 1, 5, 7, 3, 2, "18:00", "19:30"),
(10, 1, 7, 9, 4, 2, "18:00", "19:30"),
(10, 1, 9, 11, 5, 2, "18:00", "19:30"),
(10, 1, 11, 13, 6, 2, "18:00", "19:30"),
(10, 1, 13, 15, 7, 2, "18:00", "19:30"),
(10, 1, 15, 17, 8, 2, "18:00", "19:30"),
(10, 1, 17, 19, 9, 2, "18:00", "19:30"),
(10, 1, 19, 21, 10, 2, "18:00", "19:30"),
(10, 1, 21, 23, 11, 2, "18:00", "19:30"),

(11, 1, 1, 3, 1, 2, "18:00", "19:30"),
(11, 1, 3, 5, 2, 2, "18:00", "19:30"),
(11, 1, 5, 7, 3, 2, "18:00", "19:30"),
(11, 1, 7, 9, 4, 2, "18:00", "19:30"),
(11, 1, 9, 11, 5, 2, "18:00", "19:30"),
(11, 1, 11, 13, 6, 2, "18:00", "19:30"),
(11, 1, 13, 15, 7, 2, "18:00", "19:30"),
(11, 1, 15, 17, 8, 2, "18:00", "19:30"),
(11, 1, 17, 19, 9, 2, "18:00", "19:30"),
(11, 1, 19, 21, 10, 2, "18:00", "19:30"),
(11, 1, 21, 23, 11, 2, "18:00", "19:30"),

(12, 1, 1, 3, 1, 2, "18:00", "19:30"),
(12, 1, 3, 5, 2, 2, "18:00", "19:30"),
(12, 1, 5, 7, 3, 2, "18:00", "19:30"),
(12, 1, 7, 9, 4, 2, "18:00", "19:30"),
(12, 1, 9, 11, 5, 2, "18:00", "19:30"),
(12, 1, 11, 13, 6, 2, "18:00", "19:30"),
(12, 1, 13, 15, 7, 2, "18:00", "19:30"),
(12, 1, 15, 17, 8, 2, "18:00", "19:30"),
(12, 1, 17, 19, 9, 2, "18:00", "19:30"),
(12, 1, 19, 21, 10, 2, "18:00", "19:30"),
(12, 1, 21, 23, 11, 2, "18:00", "19:30"),

(13, 1, 1, 3, 1, 2, "18:00", "19:30"),
(13, 1, 3, 5, 2, 2, "18:00", "19:30"),
(13, 1, 5, 7, 3, 2, "18:00", "19:30"),
(13, 1, 7, 9, 4, 2, "18:00", "19:30"),
(13, 1, 9, 11, 5, 2, "18:00", "19:30"),
(13, 1, 11, 13, 6, 2, "18:00", "19:30"),
(13, 1, 13, 15, 7, 2, "18:00", "19:30"),
(13, 1, 15, 17, 8, 2, "18:00", "19:30"),
(13, 1, 17, 19, 9, 2, "18:00", "19:30"),
(13, 1, 19, 21, 10, 2, "18:00", "19:30"),
(13, 1, 21, 23, 11, 2, "18:00", "19:30"),

(14, 1, 1, 3, 1, 2, "18:00", "19:30"),
(14, 1, 3, 5, 2, 2, "18:00", "19:30"),
(14, 1, 5, 7, 3, 2, "18:00", "19:30"),
(14, 1, 7, 9, 4, 2, "18:00", "19:30"),
(14, 1, 9, 11, 5, 2, "18:00", "19:30"),
(14, 1, 11, 13, 6, 2, "18:00", "19:30"),
(14, 1, 13, 15, 7, 2, "18:00", "19:30"),
(14, 1, 15, 17, 8, 2, "18:00", "19:30"),
(14, 1, 17, 19, 9, 2, "18:00", "19:30"),
(14, 1, 19, 21, 10, 2, "18:00", "19:30"),
(14, 1, 21, 23, 11, 2, "18:00", "19:30"),

(15, 1, 1, 3, 1, 2, "18:00", "19:30"),
(15, 1, 3, 5, 2, 2, "18:00", "19:30"),
(15, 1, 5, 7, 3, 2, "18:00", "19:30"),
(15, 1, 7, 9, 4, 2, "18:00", "19:30"),
(15, 1, 9, 11, 5, 2, "18:00", "19:30"),
(15, 1, 11, 13, 6, 2, "18:00", "19:30"),
(15, 1, 13, 15, 7, 2, "18:00", "19:30"),
(15, 1, 15, 17, 8, 2, "18:00", "19:30"),
(15, 1, 17, 19, 9, 2, "18:00", "19:30"),
(15, 1, 19, 21, 10, 2, "18:00", "19:30"),
(15, 1, 21, 23, 11, 2, "18:00", "19:30"),

(16, 1, 1, 3, 1, 2, "18:00", "19:30"),
(16, 1, 3, 5, 2, 2, "18:00", "19:30"),
(16, 1, 5, 7, 3, 2, "18:00", "19:30"),
(16, 1, 7, 9, 4, 2, "18:00", "19:30"),
(16, 1, 9, 11, 5, 2, "18:00", "19:30"),
(16, 1, 11, 13, 6, 2, "18:00", "19:30"),
(16, 1, 13, 15, 7, 2, "18:00", "19:30"),
(16, 1, 15, 17, 8, 2, "18:00", "19:30"),
(16, 1, 17, 19, 9, 2, "18:00", "19:30"),
(16, 1, 19, 21, 10, 2, "18:00", "19:30"),
(16, 1, 21, 23, 11, 2, "18:00", "19:30"),

(17, 1, 1, 3, 1, 2, "18:00", "19:30"),
(17, 1, 3, 5, 2, 2, "18:00", "19:30"),
(17, 1, 5, 7, 3, 2, "18:00", "19:30"),
(17, 1, 7, 9, 4, 2, "18:00", "19:30"),
(17, 1, 9, 11, 5, 2, "18:00", "19:30"),
(17, 1, 11, 13, 6, 2, "18:00", "19:30"),
(17, 1, 13, 15, 7, 2, "18:00", "19:30"),
(17, 1, 15, 17, 8, 2, "18:00", "19:30"),
(17, 1, 17, 19, 9, 2, "18:00", "19:30"),
(17, 1, 19, 21, 10, 2, "18:00", "19:30"),
(17, 1, 21, 23, 11, 2, "18:00", "19:30"),

(18, 1, 1, 3, 1, 2, "18:00", "19:30"),
(18, 1, 3, 5, 2, 2, "18:00", "19:30"),
(18, 1, 5, 7, 3, 2, "18:00", "19:30"),
(18, 1, 7, 9, 4, 2, "18:00", "19:30"),
(18, 1, 9, 11, 5, 2, "18:00", "19:30"),
(18, 1, 11, 13, 6, 2, "18:00", "19:30"),
(18, 1, 13, 15, 7, 2, "18:00", "19:30"),
(18, 1, 15, 17, 8, 2, "18:00", "19:30"),
(18, 1, 17, 19, 9, 2, "18:00", "19:30"),
(18, 1, 19, 21, 10, 2, "18:00", "19:30"),
(18, 1, 21, 23, 11, 2, "18:00", "19:30"),

(19, 1, 1, 3, 1, 2, "18:00", "19:30"),
(19, 1, 3, 5, 2, 2, "18:00", "19:30"),
(19, 1, 5, 7, 3, 2, "18:00", "19:30"),
(19, 1, 7, 9, 4, 2, "18:00", "19:30"),
(19, 1, 9, 11, 5, 2, "18:00", "19:30"),
(19, 1, 11, 13, 6, 2, "18:00", "19:30"),
(19, 1, 13, 15, 7, 2, "18:00", "19:30"),
(19, 1, 15, 17, 8, 2, "18:00", "19:30"),
(19, 1, 17, 19, 9, 2, "18:00", "19:30"),
(19, 1, 19, 21, 10, 2, "18:00", "19:30"),
(19, 1, 21, 23, 11, 2, "18:00", "19:30"),

(20, 1, 1, 3, 1, 2, "18:00", "19:30"),
(20, 1, 3, 5, 2, 2, "18:00", "19:30"),
(20, 1, 5, 7, 3, 2, "18:00", "19:30"),
(20, 1, 7, 9, 4, 2, "18:00", "19:30"),
(20, 1, 9, 11, 5, 2, "18:00", "19:30"),
(20, 1, 11, 13, 6, 2, "18:00", "19:30"),
(20, 1, 13, 15, 7, 2, "18:00", "19:30"),
(20, 1, 15, 17, 8, 2, "18:00", "19:30"),
(20, 1, 17, 19, 9, 2, "18:00", "19:30"),
(20, 1, 19, 21, 10, 2, "18:00", "19:30"),
(20, 1, 21, 23, 11, 2, "18:00", "19:30"),

(21, 1, 1, 3, 1, 2, "18:00", "19:30"),
(21, 1, 3, 5, 2, 2, "18:00", "19:30"),
(21, 1, 5, 7, 3, 2, "18:00", "19:30"),
(21, 1, 7, 9, 4, 2, "18:00", "19:30"),
(21, 1, 9, 11, 5, 2, "18:00", "19:30"),
(21, 1, 11, 13, 6, 2, "18:00", "19:30"),
(21, 1, 13, 15, 7, 2, "18:00", "19:30"),
(21, 1, 15, 17, 8, 2, "18:00", "19:30"),
(21, 1, 17, 19, 9, 2, "18:00", "19:30"),
(21, 1, 19, 21, 10, 2, "18:00", "19:30"),
(21, 1, 21, 23, 11, 2, "18:00", "19:30"),

(22, 1, 1, 3, 1, 2, "18:00", "19:30"),
(22, 1, 3, 5, 2, 2, "18:00", "19:30"),
(22, 1, 5, 7, 3, 2, "18:00", "19:30"),
(22, 1, 7, 9, 4, 2, "18:00", "19:30"),
(22, 1, 9, 11, 5, 2, "18:00", "19:30"),
(22, 1, 11, 13, 6, 2, "18:00", "19:30"),
(22, 1, 13, 15, 7, 2, "18:00", "19:30"),
(22, 1, 15, 17, 8, 2, "18:00", "19:30"),
(22, 1, 17, 19, 9, 2, "18:00", "19:30"),
(22, 1, 19, 21, 10, 2, "18:00", "19:30"),
(22, 1, 21, 23, 11, 2, "18:00", "19:30"),

(23, 1, 1, 3, 1, 2, "18:00", "19:30"),
(23, 1, 3, 5, 2, 2, "18:00", "19:30"),
(23, 1, 5, 7, 3, 2, "18:00", "19:30"),
(23, 1, 7, 9, 4, 2, "18:00", "19:30"),
(23, 1, 9, 11, 5, 2, "18:00", "19:30"),
(23, 1, 11, 13, 6, 2, "18:00", "19:30"),
(23, 1, 13, 15, 7, 2, "18:00", "19:30"),
(23, 1, 15, 17, 8, 2, "18:00", "19:30"),
(23, 1, 17, 19, 9, 2, "18:00", "19:30"),
(23, 1, 19, 21, 10, 2, "18:00", "19:30"),
(23, 1, 21, 23, 11, 2, "18:00", "19:30"),

(24, 1, 1, 3, 1, 2, "18:00", "19:30"),
(24, 1, 3, 5, 2, 2, "18:00", "19:30"),
(24, 1, 5, 7, 3, 2, "18:00", "19:30"),
(24, 1, 7, 9, 4, 2, "18:00", "19:30"),
(24, 1, 9, 11, 5, 2, "18:00", "19:30"),
(24, 1, 11, 13, 6, 2, "18:00", "19:30"),
(24, 1, 13, 15, 7, 2, "18:00", "19:30"),
(24, 1, 15, 17, 8, 2, "18:00", "19:30"),
(24, 1, 17, 19, 9, 2, "18:00", "19:30"),
(24, 1, 19, 21, 10, 2, "18:00", "19:30"),
(24, 1, 21, 23, 11, 2, "18:00", "19:30"),

(25, 1, 1, 3, 1, 2, "18:00", "19:30"),
(25, 1, 3, 5, 2, 2, "18:00", "19:30"),
(25, 1, 5, 7, 3, 2, "18:00", "19:30"),
(25, 1, 7, 9, 4, 2, "18:00", "19:30"),
(25, 1, 9, 11, 5, 2, "18:00", "19:30"),
(25, 1, 11, 13, 6, 2, "18:00", "19:30"),
(25, 1, 13, 15, 7, 2, "18:00", "19:30"),
(25, 1, 15, 17, 8, 2, "18:00", "19:30"),
(25, 1, 17, 19, 9, 2, "18:00", "19:30"),
(25, 1, 19, 21, 10, 2, "18:00", "19:30"),
(25, 1, 21, 23, 11, 2, "18:00", "19:30"),

(26, 1, 1, 3, 1, 2, "18:00", "19:30"),
(26, 1, 3, 5, 2, 2, "18:00", "19:30"),
(26, 1, 5, 7, 3, 2, "18:00", "19:30"),
(26, 1, 7, 9, 4, 2, "18:00", "19:30"),
(26, 1, 9, 11, 5, 2, "18:00", "19:30"),
(26, 1, 11, 13, 6, 2, "18:00", "19:30"),
(26, 1, 13, 15, 7, 2, "18:00", "19:30"),
(26, 1, 15, 17, 8, 2, "18:00", "19:30"),
(26, 1, 17, 19, 9, 2, "18:00", "19:30"),
(26, 1, 19, 21, 10, 2, "18:00", "19:30"),
(26, 1, 21, 23, 11, 2, "18:00", "19:30"),

(27, 1, 1, 3, 1, 2, "18:00", "19:30"),
(27, 1, 3, 5, 2, 2, "18:00", "19:30"),
(27, 1, 5, 7, 3, 2, "18:00", "19:30"),
(27, 1, 7, 9, 4, 2, "18:00", "19:30"),
(27, 1, 9, 11, 5, 2, "18:00", "19:30"),
(27, 1, 11, 13, 6, 2, "18:00", "19:30"),
(27, 1, 13, 15, 7, 2, "18:00", "19:30"),
(27, 1, 15, 17, 8, 2, "18:00", "19:30"),
(27, 1, 17, 19, 9, 2, "18:00", "19:30"),
(27, 1, 19, 21, 10, 2, "18:00", "19:30"),
(27, 1, 21, 23, 11, 2, "18:00", "19:30"),

(28, 1, 1, 3, 1, 2, "18:00", "19:30"),
(28, 1, 3, 5, 2, 2, "18:00", "19:30"),
(28, 1, 5, 7, 3, 2, "18:00", "19:30"),
(28, 1, 7, 9, 4, 2, "18:00", "19:30"),
(28, 1, 9, 11, 5, 2, "18:00", "19:30"),
(28, 1, 11, 13, 6, 2, "18:00", "19:30"),
(28, 1, 13, 15, 7, 2, "18:00", "19:30"),
(28, 1, 15, 17, 8, 2, "18:00", "19:30"),
(28, 1, 17, 19, 9, 2, "18:00", "19:30"),
(28, 1, 19, 21, 10, 2, "18:00", "19:30"),
(28, 1, 21, 23, 11, 2, "18:00", "19:30"),

(29, 1, 1, 3, 1, 2, "18:00", "19:30"),
(29, 1, 3, 5, 2, 2, "18:00", "19:30"),
(29, 1, 5, 7, 3, 2, "18:00", "19:30"),
(29, 1, 7, 9, 4, 2, "18:00", "19:30"),
(29, 1, 9, 11, 5, 2, "18:00", "19:30"),
(29, 1, 11, 13, 6, 2, "18:00", "19:30"),
(29, 1, 13, 15, 7, 2, "18:00", "19:30"),
(29, 1, 15, 17, 8, 2, "18:00", "19:30"),
(29, 1, 17, 19, 9, 2, "18:00", "19:30"),
(29, 1, 19, 21, 10, 2, "18:00", "19:30"),
(29, 1, 21, 23, 11, 2, "18:00", "19:30"),

(30, 1, 1, 3, 1, 2, "18:00", "19:30"),
(30, 1, 3, 5, 2, 2, "18:00", "19:30"),
(30, 1, 5, 7, 3, 2, "18:00", "19:30"),
(30, 1, 7, 9, 4, 2, "18:00", "19:30"),
(30, 1, 9, 11, 5, 2, "18:00", "19:30"),
(30, 1, 11, 13, 6, 2, "18:00", "19:30"),
(30, 1, 13, 15, 7, 2, "18:00", "19:30"),
(30, 1, 15, 17, 8, 2, "18:00", "19:30"),
(30, 1, 17, 19, 9, 2, "18:00", "19:30"),
(30, 1, 19, 21, 10, 2, "18:00", "19:30"),
(30, 1, 21, 23, 11, 2, "18:00", "19:30"),

(31, 1, 1, 3, 1, 2, "18:00", "19:30"),
(31, 1, 3, 5, 2, 2, "18:00", "19:30"),
(31, 1, 5, 7, 3, 2, "18:00", "19:30"),
(31, 1, 7, 9, 4, 2, "18:00", "19:30"),
(31, 1, 9, 11, 5, 2, "18:00", "19:30"),
(31, 1, 11, 13, 6, 2, "18:00", "19:30"),
(31, 1, 13, 15, 7, 2, "18:00", "19:30"),
(31, 1, 15, 17, 8, 2, "18:00", "19:30"),
(31, 1, 17, 19, 9, 2, "18:00", "19:30"),
(31, 1, 19, 21, 10, 2, "18:00", "19:30"),
(31, 1, 21, 23, 11, 2, "18:00", "19:30"),

(32, 1, 1, 3, 1, 2, "18:00", "19:30"),
(32, 1, 3, 5, 2, 2, "18:00", "19:30"),
(32, 1, 5, 7, 3, 2, "18:00", "19:30"),
(32, 1, 7, 9, 4, 2, "18:00", "19:30"),
(32, 1, 9, 11, 5, 2, "18:00", "19:30"),
(32, 1, 11, 13, 6, 2, "18:00", "19:30"),
(32, 1, 13, 15, 7, 2, "18:00", "19:30"),
(32, 1, 15, 17, 8, 2, "18:00", "19:30"),
(32, 1, 17, 19, 9, 2, "18:00", "19:30"),
(32, 1, 19, 21, 10, 2, "18:00", "19:30"),
(32, 1, 21, 23, 11, 2, "18:00", "19:30"),

(33, 1, 1, 3, 1, 2, "18:00", "19:30"),
(33, 1, 3, 5, 2, 2, "18:00", "19:30"),
(33, 1, 5, 7, 3, 2, "18:00", "19:30"),
(33, 1, 7, 9, 4, 2, "18:00", "19:30"),
(33, 1, 9, 11, 5, 2, "18:00", "19:30"),
(33, 1, 11, 13, 6, 2, "18:00", "19:30"),
(33, 1, 13, 15, 7, 2, "18:00", "19:30"),
(33, 1, 15, 17, 8, 2, "18:00", "19:30"),
(33, 1, 17, 19, 9, 2, "18:00", "19:30"),
(33, 1, 19, 21, 10, 2, "18:00", "19:30"),
(33, 1, 21, 23, 11, 2, "18:00", "19:30"),

(34, 1, 1, 3, 1, 2, "18:00", "19:30"),
(34, 1, 3, 5, 2, 2, "18:00", "19:30"),
(34, 1, 5, 7, 3, 2, "18:00", "19:30"),
(34, 1, 7, 9, 4, 2, "18:00", "19:30"),
(34, 1, 9, 11, 5, 2, "18:00", "19:30"),
(34, 1, 11, 13, 6, 2, "18:00", "19:30"),
(34, 1, 13, 15, 7, 2, "18:00", "19:30"),
(34, 1, 15, 17, 8, 2, "18:00", "19:30"),
(34, 1, 17, 19, 9, 2, "18:00", "19:30"),
(34, 1, 19, 21, 10, 2, "18:00", "19:30"),
(34, 1, 21, 23, 11, 2, "18:00", "19:30"),

(35, 1, 1, 3, 1, 2, "18:00", "19:30"),
(35, 1, 3, 5, 2, 2, "18:00", "19:30"),
(35, 1, 5, 7, 3, 2, "18:00", "19:30"),
(35, 1, 7, 9, 4, 2, "18:00", "19:30"),
(35, 1, 9, 11, 5, 2, "18:00", "19:30"),
(35, 1, 11, 13, 6, 2, "18:00", "19:30"),
(35, 1, 13, 15, 7, 2, "18:00", "19:30"),
(35, 1, 15, 17, 8, 2, "18:00", "19:30"),
(35, 1, 17, 19, 9, 2, "18:00", "19:30"),
(35, 1, 19, 21, 10, 2, "18:00", "19:30"),
(35, 1, 21, 23, 11, 2, "18:00", "19:30"),

(36, 1, 1, 3, 1, 2, "18:00", "19:30"),
(36, 1, 3, 5, 2, 2, "18:00", "19:30"),
(36, 1, 5, 7, 3, 2, "18:00", "19:30"),
(36, 1, 7, 9, 4, 2, "18:00", "19:30"),
(36, 1, 9, 11, 5, 2, "18:00", "19:30"),
(36, 1, 11, 13, 6, 2, "18:00", "19:30"),
(36, 1, 13, 15, 7, 2, "18:00", "19:30"),
(36, 1, 15, 17, 8, 2, "18:00", "19:30"),
(36, 1, 17, 19, 9, 2, "18:00", "19:30"),
(36, 1, 19, 21, 10, 2, "18:00", "19:30"),
(36, 1, 21, 23, 11, 2, "18:00", "19:30"),

(37, 1, 1, 3, 1, 2, "18:00", "19:30"),
(37, 1, 3, 5, 2, 2, "18:00", "19:30"),
(37, 1, 5, 7, 3, 2, "18:00", "19:30"),
(37, 1, 7, 9, 4, 2, "18:00", "19:30"),
(37, 1, 9, 11, 5, 2, "18:00", "19:30"),
(37, 1, 11, 13, 6, 2, "18:00", "19:30"),
(37, 1, 13, 15, 7, 2, "18:00", "19:30"),
(37, 1, 15, 17, 8, 2, "18:00", "19:30"),
(37, 1, 17, 19, 9, 2, "18:00", "19:30"),
(37, 1, 19, 21, 10, 2, "18:00", "19:30"),
(37, 1, 21, 23, 11, 2, "18:00", "19:30"),

(38, 1, 1, 3, 1, 2, "18:00", "19:30"),
(38, 1, 3, 5, 2, 2, "18:00", "19:30"),
(38, 1, 5, 7, 3, 2, "18:00", "19:30"),
(38, 1, 7, 9, 4, 2, "18:00", "19:30"),
(38, 1, 9, 11, 5, 2, "18:00", "19:30"),
(38, 1, 11, 13, 6, 2, "18:00", "19:30"),
(38, 1, 13, 15, 7, 2, "18:00", "19:30"),
(38, 1, 15, 17, 8, 2, "18:00", "19:30"),
(38, 1, 17, 19, 9, 2, "18:00", "19:30"),
(38, 1, 19, 21, 10, 2, "18:00", "19:30"),
(38, 1, 21, 23, 11, 2, "18:00", "19:30"),

(39, 1, 1, 3, 1, 2, "18:00", "19:30"),
(39, 1, 3, 5, 2, 2, "18:00", "19:30"),
(39, 1, 5, 7, 3, 2, "18:00", "19:30"),
(39, 1, 7, 9, 4, 2, "18:00", "19:30"),
(39, 1, 9, 11, 5, 2, "18:00", "19:30"),
(39, 1, 11, 13, 6, 2, "18:00", "19:30"),
(39, 1, 13, 15, 7, 2, "18:00", "19:30"),
(39, 1, 15, 17, 8, 2, "18:00", "19:30"),
(39, 1, 17, 19, 9, 2, "18:00", "19:30"),
(39, 1, 19, 21, 10, 2, "18:00", "19:30"),
(39, 1, 21, 23, 11, 2, "18:00", "19:30"),

(40, 1, 1, 3, 1, 2, "18:00", "19:30"),
(40, 1, 3, 5, 2, 2, "18:00", "19:30"),
(40, 1, 5, 7, 3, 2, "18:00", "19:30"),
(40, 1, 7, 9, 4, 2, "18:00", "19:30"),
(40, 1, 9, 11, 5, 2, "18:00", "19:30"),
(40, 1, 11, 13, 6, 2, "18:00", "19:30"),
(40, 1, 13, 15, 7, 2, "18:00", "19:30"),
(40, 1, 15, 17, 8, 2, "18:00", "19:30"),
(40, 1, 17, 19, 9, 2, "18:00", "19:30"),
(40, 1, 19, 21, 10, 2, "18:00", "19:30"),
(40, 1, 21, 23, 11, 2, "18:00", "19:30"),

(41, 1, 1, 3, 1, 2, "18:00", "19:30"),
(41, 1, 3, 5, 2, 2, "18:00", "19:30"),
(41, 1, 5, 7, 3, 2, "18:00", "19:30"),
(41, 1, 7, 9, 4, 2, "18:00", "19:30"),
(41, 1, 9, 11, 5, 2, "18:00", "19:30"),
(41, 1, 11, 13, 6, 2, "18:00", "19:30"),
(41, 1, 13, 15, 7, 2, "18:00", "19:30"),
(41, 1, 15, 17, 8, 2, "18:00", "19:30"),
(41, 1, 17, 19, 9, 2, "18:00", "19:30"),
(41, 1, 19, 21, 10, 2, "18:00", "19:30"),
(41, 1, 21, 23, 11, 2, "18:00", "19:30"),

(42, 1, 1, 3, 1, 2, "18:00", "19:30"),
(42, 1, 3, 5, 2, 2, "18:00", "19:30"),
(42, 1, 5, 7, 3, 2, "18:00", "19:30"),
(42, 1, 7, 9, 4, 2, "18:00", "19:30"),
(42, 1, 9, 11, 5, 2, "18:00", "19:30"),
(42, 1, 11, 13, 6, 2, "18:00", "19:30"),
(42, 1, 13, 15, 7, 2, "18:00", "19:30"),
(42, 1, 15, 17, 8, 2, "18:00", "19:30"),
(42, 1, 17, 19, 9, 2, "18:00", "19:30"),
(42, 1, 19, 21, 10, 2, "18:00", "19:30"),
(42, 1, 21, 23, 11, 2, "18:00", "19:30");

INSERT INTO Asiento (numero, codigo_L_R_Transita, idInicial_T_R_Transita, idFinal_T_R_Transita, orden_R_Transita, numero_U_Transita, horaSalida_S_Transita, horaLlegada_L_Transita) VALUES
(1, 2, 23, 22, 1, 2, "07:00", "08:30"),
(1, 2, 22, 20, 2, 2, "07:00", "08:30"),
(1, 2, 20, 18, 3, 2, "07:00", "08:30"),
(1, 2, 18, 16, 4, 2, "07:00", "08:30"),
(1, 2, 16, 14, 5, 2, "07:00", "08:30"),
(1, 2, 14, 12, 6, 2, "07:00", "08:30"),
(1, 2, 12, 10, 7, 2, "07:00", "08:30"),
(1, 2, 10, 8, 8, 2, "07:00", "08:30"),
(1, 2, 8, 6, 9, 2, "07:00", "08:30"),
(1, 2, 6, 4, 10, 2, "07:00", "08:30"),
(1, 2, 4, 2, 11, 2, "07:00", "08:30"),

(2, 2, 23, 22, 1, 2, "07:00", "08:30"),
(2, 2, 22, 20, 2, 2, "07:00", "08:30"),
(2, 2, 20, 18, 3, 2, "07:00", "08:30"),
(2, 2, 18, 16, 4, 2, "07:00", "08:30"),
(2, 2, 16, 14, 5, 2, "07:00", "08:30"),
(2, 2, 14, 12, 6, 2, "07:00", "08:30"),
(2, 2, 12, 10, 7, 2, "07:00", "08:30"),
(2, 2, 10, 8, 8, 2, "07:00", "08:30"),
(2, 2, 8, 6, 9, 2, "07:00", "08:30"),
(2, 2, 6, 4, 10, 2, "07:00", "08:30"),
(2, 2, 4, 2, 11, 2, "07:00", "08:30"),

(3, 2, 23, 22, 1, 2, "07:00", "08:30"),
(3, 2, 22, 20, 2, 2, "07:00", "08:30"),
(3, 2, 20, 18, 3, 2, "07:00", "08:30"),
(3, 2, 18, 16, 4, 2, "07:00", "08:30"),
(3, 2, 16, 14, 5, 2, "07:00", "08:30"),
(3, 2, 14, 12, 6, 2, "07:00", "08:30"),
(3, 2, 12, 10, 7, 2, "07:00", "08:30"),
(3, 2, 10, 8, 8, 2, "07:00", "08:30"),
(3, 2, 8, 6, 9, 2, "07:00", "08:30"),
(3, 2, 6, 4, 10, 2, "07:00", "08:30"),
(3, 2, 4, 2, 11, 2, "07:00", "08:30"),

(4, 2, 23, 22, 1, 2, "07:00", "08:30"),
(4, 2, 22, 20, 2, 2, "07:00", "08:30"),
(4, 2, 20, 18, 3, 2, "07:00", "08:30"),
(4, 2, 18, 16, 4, 2, "07:00", "08:30"),
(4, 2, 16, 14, 5, 2, "07:00", "08:30"),
(4, 2, 14, 12, 6, 2, "07:00", "08:30"),
(4, 2, 12, 10, 7, 2, "07:00", "08:30"),
(4, 2, 10, 8, 8, 2, "07:00", "08:30"),
(4, 2, 8, 6, 9, 2, "07:00", "08:30"),
(4, 2, 6, 4, 10, 2, "07:00", "08:30"),
(4, 2, 4, 2, 11, 2, "07:00", "08:30"),

(5, 2, 23, 22, 1, 2, "07:00", "08:30"),
(5, 2, 22, 20, 2, 2, "07:00", "08:30"),
(5, 2, 20, 18, 3, 2, "07:00", "08:30"),
(5, 2, 18, 16, 4, 2, "07:00", "08:30"),
(5, 2, 16, 14, 5, 2, "07:00", "08:30"),
(5, 2, 14, 12, 6, 2, "07:00", "08:30"),
(5, 2, 12, 10, 7, 2, "07:00", "08:30"),
(5, 2, 10, 8, 8, 2, "07:00", "08:30"),
(5, 2, 8, 6, 9, 2, "07:00", "08:30"),
(5, 2, 6, 4, 10, 2, "07:00", "08:30"),
(5, 2, 4, 2, 11, 2, "07:00", "08:30"),

(6, 2, 23, 22, 1, 2, "07:00", "08:30"),
(6, 2, 22, 20, 2, 2, "07:00", "08:30"),
(6, 2, 20, 18, 3, 2, "07:00", "08:30"),
(6, 2, 18, 16, 4, 2, "07:00", "08:30"),
(6, 2, 16, 14, 5, 2, "07:00", "08:30"),
(6, 2, 14, 12, 6, 2, "07:00", "08:30"),
(6, 2, 12, 10, 7, 2, "07:00", "08:30"),
(6, 2, 10, 8, 8, 2, "07:00", "08:30"),
(6, 2, 8, 6, 9, 2, "07:00", "08:30"),
(6, 2, 6, 4, 10, 2, "07:00", "08:30"),
(6, 2, 4, 2, 11, 2, "07:00", "08:30"),

(7, 2, 23, 22, 1, 2, "07:00", "08:30"),
(7, 2, 22, 20, 2, 2, "07:00", "08:30"),
(7, 2, 20, 18, 3, 2, "07:00", "08:30"),
(7, 2, 18, 16, 4, 2, "07:00", "08:30"),
(7, 2, 16, 14, 5, 2, "07:00", "08:30"),
(7, 2, 14, 12, 6, 2, "07:00", "08:30"),
(7, 2, 12, 10, 7, 2, "07:00", "08:30"),
(7, 2, 10, 8, 8, 2, "07:00", "08:30"),
(7, 2, 8, 6, 9, 2, "07:00", "08:30"),
(7, 2, 6, 4, 10, 2, "07:00", "08:30"),
(7, 2, 4, 2, 11, 2, "07:00", "08:30"),

(8, 2, 23, 22, 1, 2, "07:00", "08:30"),
(8, 2, 22, 20, 2, 2, "07:00", "08:30"),
(8, 2, 20, 18, 3, 2, "07:00", "08:30"),
(8, 2, 18, 16, 4, 2, "07:00", "08:30"),
(8, 2, 16, 14, 5, 2, "07:00", "08:30"),
(8, 2, 14, 12, 6, 2, "07:00", "08:30"),
(8, 2, 12, 10, 7, 2, "07:00", "08:30"),
(8, 2, 10, 8, 8, 2, "07:00", "08:30"),
(8, 2, 8, 6, 9, 2, "07:00", "08:30"),
(8, 2, 6, 4, 10, 2, "07:00", "08:30"),
(8, 2, 4, 2, 11, 2, "07:00", "08:30"),

(9, 2, 23, 22, 1, 2, "07:00", "08:30"),
(9, 2, 22, 20, 2, 2, "07:00", "08:30"),
(9, 2, 20, 18, 3, 2, "07:00", "08:30"),
(9, 2, 18, 16, 4, 2, "07:00", "08:30"),
(9, 2, 16, 14, 5, 2, "07:00", "08:30"),
(9, 2, 14, 12, 6, 2, "07:00", "08:30"),
(9, 2, 12, 10, 7, 2, "07:00", "08:30"),
(9, 2, 10, 8, 8, 2, "07:00", "08:30"),
(9, 2, 8, 6, 9, 2, "07:00", "08:30"),
(9, 2, 6, 4, 10, 2, "07:00", "08:30"),
(9, 2, 4, 2, 11, 2, "07:00", "08:30"),

(10, 2, 23, 22, 1, 2, "07:00", "08:30"),
(10, 2, 22, 20, 2, 2, "07:00", "08:30"),
(10, 2, 20, 18, 3, 2, "07:00", "08:30"),
(10, 2, 18, 16, 4, 2, "07:00", "08:30"),
(10, 2, 16, 14, 5, 2, "07:00", "08:30"),
(10, 2, 14, 12, 6, 2, "07:00", "08:30"),
(10, 2, 12, 10, 7, 2, "07:00", "08:30"),
(10, 2, 10, 8, 8, 2, "07:00", "08:30"),
(10, 2, 8, 6, 9, 2, "07:00", "08:30"),
(10, 2, 6, 4, 10, 2, "07:00", "08:30"),
(10, 2, 4, 2, 11, 2, "07:00", "08:30"),

(11, 2, 23, 22, 1, 2, "07:00", "08:30"),
(11, 2, 22, 20, 2, 2, "07:00", "08:30"),
(11, 2, 20, 18, 3, 2, "07:00", "08:30"),
(11, 2, 18, 16, 4, 2, "07:00", "08:30"),
(11, 2, 16, 14, 5, 2, "07:00", "08:30"),
(11, 2, 14, 12, 6, 2, "07:00", "08:30"),
(11, 2, 12, 10, 7, 2, "07:00", "08:30"),
(11, 2, 10, 8, 8, 2, "07:00", "08:30"),
(11, 2, 8, 6, 9, 2, "07:00", "08:30"),
(11, 2, 6, 4, 10, 2, "07:00", "08:30"),
(11, 2, 4, 2, 11, 2, "07:00", "08:30"),

(12, 2, 23, 22, 1, 2, "07:00", "08:30"),
(12, 2, 22, 20, 2, 2, "07:00", "08:30"),
(12, 2, 20, 18, 3, 2, "07:00", "08:30"),
(12, 2, 18, 16, 4, 2, "07:00", "08:30"),
(12, 2, 16, 14, 5, 2, "07:00", "08:30"),
(12, 2, 14, 12, 6, 2, "07:00", "08:30"),
(12, 2, 12, 10, 7, 2, "07:00", "08:30"),
(12, 2, 10, 8, 8, 2, "07:00", "08:30"),
(12, 2, 8, 6, 9, 2, "07:00", "08:30"),
(12, 2, 6, 4, 10, 2, "07:00", "08:30"),
(12, 2, 4, 2, 11, 2, "07:00", "08:30"),

(13, 2, 23, 22, 1, 2, "07:00", "08:30"),
(13, 2, 22, 20, 2, 2, "07:00", "08:30"),
(13, 2, 20, 18, 3, 2, "07:00", "08:30"),
(13, 2, 18, 16, 4, 2, "07:00", "08:30"),
(13, 2, 16, 14, 5, 2, "07:00", "08:30"),
(13, 2, 14, 12, 6, 2, "07:00", "08:30"),
(13, 2, 12, 10, 7, 2, "07:00", "08:30"),
(13, 2, 10, 8, 8, 2, "07:00", "08:30"),
(13, 2, 8, 6, 9, 2, "07:00", "08:30"),
(13, 2, 6, 4, 10, 2, "07:00", "08:30"),
(13, 2, 4, 2, 11, 2, "07:00", "08:30"),

(14, 2, 23, 22, 1, 2, "07:00", "08:30"),
(14, 2, 22, 20, 2, 2, "07:00", "08:30"),
(14, 2, 20, 18, 3, 2, "07:00", "08:30"),
(14, 2, 18, 16, 4, 2, "07:00", "08:30"),
(14, 2, 16, 14, 5, 2, "07:00", "08:30"),
(14, 2, 14, 12, 6, 2, "07:00", "08:30"),
(14, 2, 12, 10, 7, 2, "07:00", "08:30"),
(14, 2, 10, 8, 8, 2, "07:00", "08:30"),
(14, 2, 8, 6, 9, 2, "07:00", "08:30"),
(14, 2, 6, 4, 10, 2, "07:00", "08:30"),
(14, 2, 4, 2, 11, 2, "07:00", "08:30"),

(15, 2, 23, 22, 1, 2, "07:00", "08:30"),
(15, 2, 22, 20, 2, 2, "07:00", "08:30"),
(15, 2, 20, 18, 3, 2, "07:00", "08:30"),
(15, 2, 18, 16, 4, 2, "07:00", "08:30"),
(15, 2, 16, 14, 5, 2, "07:00", "08:30"),
(15, 2, 14, 12, 6, 2, "07:00", "08:30"),
(15, 2, 12, 10, 7, 2, "07:00", "08:30"),
(15, 2, 10, 8, 8, 2, "07:00", "08:30"),
(15, 2, 8, 6, 9, 2, "07:00", "08:30"),
(15, 2, 6, 4, 10, 2, "07:00", "08:30"),
(15, 2, 4, 2, 11, 2, "07:00", "08:30"),

(16, 2, 23, 22, 1, 2, "07:00", "08:30"),
(16, 2, 22, 20, 2, 2, "07:00", "08:30"),
(16, 2, 20, 18, 3, 2, "07:00", "08:30"),
(16, 2, 18, 16, 4, 2, "07:00", "08:30"),
(16, 2, 16, 14, 5, 2, "07:00", "08:30"),
(16, 2, 14, 12, 6, 2, "07:00", "08:30"),
(16, 2, 12, 10, 7, 2, "07:00", "08:30"),
(16, 2, 10, 8, 8, 2, "07:00", "08:30"),
(16, 2, 8, 6, 9, 2, "07:00", "08:30"),
(16, 2, 6, 4, 10, 2, "07:00", "08:30"),
(16, 2, 4, 2, 11, 2, "07:00", "08:30"),

(17, 2, 23, 22, 1, 2, "07:00", "08:30"),
(17, 2, 22, 20, 2, 2, "07:00", "08:30"),
(17, 2, 20, 18, 3, 2, "07:00", "08:30"),
(17, 2, 18, 16, 4, 2, "07:00", "08:30"),
(17, 2, 16, 14, 5, 2, "07:00", "08:30"),
(17, 2, 14, 12, 6, 2, "07:00", "08:30"),
(17, 2, 12, 10, 7, 2, "07:00", "08:30"),
(17, 2, 10, 8, 8, 2, "07:00", "08:30"),
(17, 2, 8, 6, 9, 2, "07:00", "08:30"),
(17, 2, 6, 4, 10, 2, "07:00", "08:30"),
(17, 2, 4, 2, 11, 2, "07:00", "08:30"),

(18, 2, 23, 22, 1, 2, "07:00", "08:30"),
(18, 2, 22, 20, 2, 2, "07:00", "08:30"),
(18, 2, 20, 18, 3, 2, "07:00", "08:30"),
(18, 2, 18, 16, 4, 2, "07:00", "08:30"),
(18, 2, 16, 14, 5, 2, "07:00", "08:30"),
(18, 2, 14, 12, 6, 2, "07:00", "08:30"),
(18, 2, 12, 10, 7, 2, "07:00", "08:30"),
(18, 2, 10, 8, 8, 2, "07:00", "08:30"),
(18, 2, 8, 6, 9, 2, "07:00", "08:30"),
(18, 2, 6, 4, 10, 2, "07:00", "08:30"),
(18, 2, 4, 2, 11, 2, "07:00", "08:30"),

(19, 2, 23, 22, 1, 2, "07:00", "08:30"),
(19, 2, 22, 20, 2, 2, "07:00", "08:30"),
(19, 2, 20, 18, 3, 2, "07:00", "08:30"),
(19, 2, 18, 16, 4, 2, "07:00", "08:30"),
(19, 2, 16, 14, 5, 2, "07:00", "08:30"),
(19, 2, 14, 12, 6, 2, "07:00", "08:30"),
(19, 2, 12, 10, 7, 2, "07:00", "08:30"),
(19, 2, 10, 8, 8, 2, "07:00", "08:30"),
(19, 2, 8, 6, 9, 2, "07:00", "08:30"),
(19, 2, 6, 4, 10, 2, "07:00", "08:30"),
(19, 2, 4, 2, 11, 2, "07:00", "08:30"),

(20, 2, 23, 22, 1, 2, "07:00", "08:30"),
(20, 2, 22, 20, 2, 2, "07:00", "08:30"),
(20, 2, 20, 18, 3, 2, "07:00", "08:30"),
(20, 2, 18, 16, 4, 2, "07:00", "08:30"),
(20, 2, 16, 14, 5, 2, "07:00", "08:30"),
(20, 2, 14, 12, 6, 2, "07:00", "08:30"),
(20, 2, 12, 10, 7, 2, "07:00", "08:30"),
(20, 2, 10, 8, 8, 2, "07:00", "08:30"),
(20, 2, 8, 6, 9, 2, "07:00", "08:30"),
(20, 2, 6, 4, 10, 2, "07:00", "08:30"),
(20, 2, 4, 2, 11, 2, "07:00", "08:30"),

(21, 2, 23, 22, 1, 2, "07:00", "08:30"),
(21, 2, 22, 20, 2, 2, "07:00", "08:30"),
(21, 2, 20, 18, 3, 2, "07:00", "08:30"),
(21, 2, 18, 16, 4, 2, "07:00", "08:30"),
(21, 2, 16, 14, 5, 2, "07:00", "08:30"),
(21, 2, 14, 12, 6, 2, "07:00", "08:30"),
(21, 2, 12, 10, 7, 2, "07:00", "08:30"),
(21, 2, 10, 8, 8, 2, "07:00", "08:30"),
(21, 2, 8, 6, 9, 2, "07:00", "08:30"),
(21, 2, 6, 4, 10, 2, "07:00", "08:30"),
(21, 2, 4, 2, 11, 2, "07:00", "08:30"),

(22, 2, 23, 22, 1, 2, "07:00", "08:30"),
(22, 2, 22, 20, 2, 2, "07:00", "08:30"),
(22, 2, 20, 18, 3, 2, "07:00", "08:30"),
(22, 2, 18, 16, 4, 2, "07:00", "08:30"),
(22, 2, 16, 14, 5, 2, "07:00", "08:30"),
(22, 2, 14, 12, 6, 2, "07:00", "08:30"),
(22, 2, 12, 10, 7, 2, "07:00", "08:30"),
(22, 2, 10, 8, 8, 2, "07:00", "08:30"),
(22, 2, 8, 6, 9, 2, "07:00", "08:30"),
(22, 2, 6, 4, 10, 2, "07:00", "08:30"),
(22, 2, 4, 2, 11, 2, "07:00", "08:30"),

(23, 2, 23, 22, 1, 2, "07:00", "08:30"),
(23, 2, 22, 20, 2, 2, "07:00", "08:30"),
(23, 2, 20, 18, 3, 2, "07:00", "08:30"),
(23, 2, 18, 16, 4, 2, "07:00", "08:30"),
(23, 2, 16, 14, 5, 2, "07:00", "08:30"),
(23, 2, 14, 12, 6, 2, "07:00", "08:30"),
(23, 2, 12, 10, 7, 2, "07:00", "08:30"),
(23, 2, 10, 8, 8, 2, "07:00", "08:30"),
(23, 2, 8, 6, 9, 2, "07:00", "08:30"),
(23, 2, 6, 4, 10, 2, "07:00", "08:30"),
(23, 2, 4, 2, 11, 2, "07:00", "08:30"),

(24, 2, 23, 22, 1, 2, "07:00", "08:30"),
(24, 2, 22, 20, 2, 2, "07:00", "08:30"),
(24, 2, 20, 18, 3, 2, "07:00", "08:30"),
(24, 2, 18, 16, 4, 2, "07:00", "08:30"),
(24, 2, 16, 14, 5, 2, "07:00", "08:30"),
(24, 2, 14, 12, 6, 2, "07:00", "08:30"),
(24, 2, 12, 10, 7, 2, "07:00", "08:30"),
(24, 2, 10, 8, 8, 2, "07:00", "08:30"),
(24, 2, 8, 6, 9, 2, "07:00", "08:30"),
(24, 2, 6, 4, 10, 2, "07:00", "08:30"),
(24, 2, 4, 2, 11, 2, "07:00", "08:30"),

(25, 2, 23, 22, 1, 2, "07:00", "08:30"),
(25, 2, 22, 20, 2, 2, "07:00", "08:30"),
(25, 2, 20, 18, 3, 2, "07:00", "08:30"),
(25, 2, 18, 16, 4, 2, "07:00", "08:30"),
(25, 2, 16, 14, 5, 2, "07:00", "08:30"),
(25, 2, 14, 12, 6, 2, "07:00", "08:30"),
(25, 2, 12, 10, 7, 2, "07:00", "08:30"),
(25, 2, 10, 8, 8, 2, "07:00", "08:30"),
(25, 2, 8, 6, 9, 2, "07:00", "08:30"),
(25, 2, 6, 4, 10, 2, "07:00", "08:30"),
(25, 2, 4, 2, 11, 2, "07:00", "08:30"),

(26, 2, 23, 22, 1, 2, "07:00", "08:30"),
(26, 2, 22, 20, 2, 2, "07:00", "08:30"),
(26, 2, 20, 18, 3, 2, "07:00", "08:30"),
(26, 2, 18, 16, 4, 2, "07:00", "08:30"),
(26, 2, 16, 14, 5, 2, "07:00", "08:30"),
(26, 2, 14, 12, 6, 2, "07:00", "08:30"),
(26, 2, 12, 10, 7, 2, "07:00", "08:30"),
(26, 2, 10, 8, 8, 2, "07:00", "08:30"),
(26, 2, 8, 6, 9, 2, "07:00", "08:30"),
(26, 2, 6, 4, 10, 2, "07:00", "08:30"),
(26, 2, 4, 2, 11, 2, "07:00", "08:30"),

(27, 2, 23, 22, 1, 2, "07:00", "08:30"),
(27, 2, 22, 20, 2, 2, "07:00", "08:30"),
(27, 2, 20, 18, 3, 2, "07:00", "08:30"),
(27, 2, 18, 16, 4, 2, "07:00", "08:30"),
(27, 2, 16, 14, 5, 2, "07:00", "08:30"),
(27, 2, 14, 12, 6, 2, "07:00", "08:30"),
(27, 2, 12, 10, 7, 2, "07:00", "08:30"),
(27, 2, 10, 8, 8, 2, "07:00", "08:30"),
(27, 2, 8, 6, 9, 2, "07:00", "08:30"),
(27, 2, 6, 4, 10, 2, "07:00", "08:30"),
(27, 2, 4, 2, 11, 2, "07:00", "08:30"),

(28, 2, 23, 22, 1, 2, "07:00", "08:30"),
(28, 2, 22, 20, 2, 2, "07:00", "08:30"),
(28, 2, 20, 18, 3, 2, "07:00", "08:30"),
(28, 2, 18, 16, 4, 2, "07:00", "08:30"),
(28, 2, 16, 14, 5, 2, "07:00", "08:30"),
(28, 2, 14, 12, 6, 2, "07:00", "08:30"),
(28, 2, 12, 10, 7, 2, "07:00", "08:30"),
(28, 2, 10, 8, 8, 2, "07:00", "08:30"),
(28, 2, 8, 6, 9, 2, "07:00", "08:30"),
(28, 2, 6, 4, 10, 2, "07:00", "08:30"),
(28, 2, 4, 2, 11, 2, "07:00", "08:30"),

(29, 2, 23, 22, 1, 2, "07:00", "08:30"),
(29, 2, 22, 20, 2, 2, "07:00", "08:30"),
(29, 2, 20, 18, 3, 2, "07:00", "08:30"),
(29, 2, 18, 16, 4, 2, "07:00", "08:30"),
(29, 2, 16, 14, 5, 2, "07:00", "08:30"),
(29, 2, 14, 12, 6, 2, "07:00", "08:30"),
(29, 2, 12, 10, 7, 2, "07:00", "08:30"),
(29, 2, 10, 8, 8, 2, "07:00", "08:30"),
(29, 2, 8, 6, 9, 2, "07:00", "08:30"),
(29, 2, 6, 4, 10, 2, "07:00", "08:30"),
(29, 2, 4, 2, 11, 2, "07:00", "08:30"),

(30, 2, 23, 22, 1, 2, "07:00", "08:30"),
(30, 2, 22, 20, 2, 2, "07:00", "08:30"),
(30, 2, 20, 18, 3, 2, "07:00", "08:30"),
(30, 2, 18, 16, 4, 2, "07:00", "08:30"),
(30, 2, 16, 14, 5, 2, "07:00", "08:30"),
(30, 2, 14, 12, 6, 2, "07:00", "08:30"),
(30, 2, 12, 10, 7, 2, "07:00", "08:30"),
(30, 2, 10, 8, 8, 2, "07:00", "08:30"),
(30, 2, 8, 6, 9, 2, "07:00", "08:30"),
(30, 2, 6, 4, 10, 2, "07:00", "08:30"),
(30, 2, 4, 2, 11, 2, "07:00", "08:30"),

(31, 2, 23, 22, 1, 2, "07:00", "08:30"),
(31, 2, 22, 20, 2, 2, "07:00", "08:30"),
(31, 2, 20, 18, 3, 2, "07:00", "08:30"),
(31, 2, 18, 16, 4, 2, "07:00", "08:30"),
(31, 2, 16, 14, 5, 2, "07:00", "08:30"),
(31, 2, 14, 12, 6, 2, "07:00", "08:30"),
(31, 2, 12, 10, 7, 2, "07:00", "08:30"),
(31, 2, 10, 8, 8, 2, "07:00", "08:30"),
(31, 2, 8, 6, 9, 2, "07:00", "08:30"),
(31, 2, 6, 4, 10, 2, "07:00", "08:30"),
(31, 2, 4, 2, 11, 2, "07:00", "08:30"),

(32, 2, 23, 22, 1, 2, "07:00", "08:30"),
(32, 2, 22, 20, 2, 2, "07:00", "08:30"),
(32, 2, 20, 18, 3, 2, "07:00", "08:30"),
(32, 2, 18, 16, 4, 2, "07:00", "08:30"),
(32, 2, 16, 14, 5, 2, "07:00", "08:30"),
(32, 2, 14, 12, 6, 2, "07:00", "08:30"),
(32, 2, 12, 10, 7, 2, "07:00", "08:30"),
(32, 2, 10, 8, 8, 2, "07:00", "08:30"),
(32, 2, 8, 6, 9, 2, "07:00", "08:30"),
(32, 2, 6, 4, 10, 2, "07:00", "08:30"),
(32, 2, 4, 2, 11, 2, "07:00", "08:30"),

(33, 2, 23, 22, 1, 2, "07:00", "08:30"),
(33, 2, 22, 20, 2, 2, "07:00", "08:30"),
(33, 2, 20, 18, 3, 2, "07:00", "08:30"),
(33, 2, 18, 16, 4, 2, "07:00", "08:30"),
(33, 2, 16, 14, 5, 2, "07:00", "08:30"),
(33, 2, 14, 12, 6, 2, "07:00", "08:30"),
(33, 2, 12, 10, 7, 2, "07:00", "08:30"),
(33, 2, 10, 8, 8, 2, "07:00", "08:30"),
(33, 2, 8, 6, 9, 2, "07:00", "08:30"),
(33, 2, 6, 4, 10, 2, "07:00", "08:30"),
(33, 2, 4, 2, 11, 2, "07:00", "08:30"),

(34, 2, 23, 22, 1, 2, "07:00", "08:30"),
(34, 2, 22, 20, 2, 2, "07:00", "08:30"),
(34, 2, 20, 18, 3, 2, "07:00", "08:30"),
(34, 2, 18, 16, 4, 2, "07:00", "08:30"),
(34, 2, 16, 14, 5, 2, "07:00", "08:30"),
(34, 2, 14, 12, 6, 2, "07:00", "08:30"),
(34, 2, 12, 10, 7, 2, "07:00", "08:30"),
(34, 2, 10, 8, 8, 2, "07:00", "08:30"),
(34, 2, 8, 6, 9, 2, "07:00", "08:30"),
(34, 2, 6, 4, 10, 2, "07:00", "08:30"),
(34, 2, 4, 2, 11, 2, "07:00", "08:30"),

(35, 2, 23, 22, 1, 2, "07:00", "08:30"),
(35, 2, 22, 20, 2, 2, "07:00", "08:30"),
(35, 2, 20, 18, 3, 2, "07:00", "08:30"),
(35, 2, 18, 16, 4, 2, "07:00", "08:30"),
(35, 2, 16, 14, 5, 2, "07:00", "08:30"),
(35, 2, 14, 12, 6, 2, "07:00", "08:30"),
(35, 2, 12, 10, 7, 2, "07:00", "08:30"),
(35, 2, 10, 8, 8, 2, "07:00", "08:30"),
(35, 2, 8, 6, 9, 2, "07:00", "08:30"),
(35, 2, 6, 4, 10, 2, "07:00", "08:30"),
(35, 2, 4, 2, 11, 2, "07:00", "08:30"),

(36, 2, 23, 22, 1, 2, "07:00", "08:30"),
(36, 2, 22, 20, 2, 2, "07:00", "08:30"),
(36, 2, 20, 18, 3, 2, "07:00", "08:30"),
(36, 2, 18, 16, 4, 2, "07:00", "08:30"),
(36, 2, 16, 14, 5, 2, "07:00", "08:30"),
(36, 2, 14, 12, 6, 2, "07:00", "08:30"),
(36, 2, 12, 10, 7, 2, "07:00", "08:30"),
(36, 2, 10, 8, 8, 2, "07:00", "08:30"),
(36, 2, 8, 6, 9, 2, "07:00", "08:30"),
(36, 2, 6, 4, 10, 2, "07:00", "08:30"),
(36, 2, 4, 2, 11, 2, "07:00", "08:30"),

(37, 2, 23, 22, 1, 2, "07:00", "08:30"),
(37, 2, 22, 20, 2, 2, "07:00", "08:30"),
(37, 2, 20, 18, 3, 2, "07:00", "08:30"),
(37, 2, 18, 16, 4, 2, "07:00", "08:30"),
(37, 2, 16, 14, 5, 2, "07:00", "08:30"),
(37, 2, 14, 12, 6, 2, "07:00", "08:30"),
(37, 2, 12, 10, 7, 2, "07:00", "08:30"),
(37, 2, 10, 8, 8, 2, "07:00", "08:30"),
(37, 2, 8, 6, 9, 2, "07:00", "08:30"),
(37, 2, 6, 4, 10, 2, "07:00", "08:30"),
(37, 2, 4, 2, 11, 2, "07:00", "08:30"),

(38, 2, 23, 22, 1, 2, "07:00", "08:30"),
(38, 2, 22, 20, 2, 2, "07:00", "08:30"),
(38, 2, 20, 18, 3, 2, "07:00", "08:30"),
(38, 2, 18, 16, 4, 2, "07:00", "08:30"),
(38, 2, 16, 14, 5, 2, "07:00", "08:30"),
(38, 2, 14, 12, 6, 2, "07:00", "08:30"),
(38, 2, 12, 10, 7, 2, "07:00", "08:30"),
(38, 2, 10, 8, 8, 2, "07:00", "08:30"),
(38, 2, 8, 6, 9, 2, "07:00", "08:30"),
(38, 2, 6, 4, 10, 2, "07:00", "08:30"),
(38, 2, 4, 2, 11, 2, "07:00", "08:30"),

(39, 2, 23, 22, 1, 2, "07:00", "08:30"),
(39, 2, 22, 20, 2, 2, "07:00", "08:30"),
(39, 2, 20, 18, 3, 2, "07:00", "08:30"),
(39, 2, 18, 16, 4, 2, "07:00", "08:30"),
(39, 2, 16, 14, 5, 2, "07:00", "08:30"),
(39, 2, 14, 12, 6, 2, "07:00", "08:30"),
(39, 2, 12, 10, 7, 2, "07:00", "08:30"),
(39, 2, 10, 8, 8, 2, "07:00", "08:30"),
(39, 2, 8, 6, 9, 2, "07:00", "08:30"),
(39, 2, 6, 4, 10, 2, "07:00", "08:30"),
(39, 2, 4, 2, 11, 2, "07:00", "08:30"),

(40, 2, 23, 22, 1, 2, "07:00", "08:30"),
(40, 2, 22, 20, 2, 2, "07:00", "08:30"),
(40, 2, 20, 18, 3, 2, "07:00", "08:30"),
(40, 2, 18, 16, 4, 2, "07:00", "08:30"),
(40, 2, 16, 14, 5, 2, "07:00", "08:30"),
(40, 2, 14, 12, 6, 2, "07:00", "08:30"),
(40, 2, 12, 10, 7, 2, "07:00", "08:30"),
(40, 2, 10, 8, 8, 2, "07:00", "08:30"),
(40, 2, 8, 6, 9, 2, "07:00", "08:30"),
(40, 2, 6, 4, 10, 2, "07:00", "08:30"),
(40, 2, 4, 2, 11, 2, "07:00", "08:30"),

(41, 2, 23, 22, 1, 2, "07:00", "08:30"),
(41, 2, 22, 20, 2, 2, "07:00", "08:30"),
(41, 2, 20, 18, 3, 2, "07:00", "08:30"),
(41, 2, 18, 16, 4, 2, "07:00", "08:30"),
(41, 2, 16, 14, 5, 2, "07:00", "08:30"),
(41, 2, 14, 12, 6, 2, "07:00", "08:30"),
(41, 2, 12, 10, 7, 2, "07:00", "08:30"),
(41, 2, 10, 8, 8, 2, "07:00", "08:30"),
(41, 2, 8, 6, 9, 2, "07:00", "08:30"),
(41, 2, 6, 4, 10, 2, "07:00", "08:30"),
(41, 2, 4, 2, 11, 2, "07:00", "08:30"),

(42, 2, 23, 22, 1, 2, "07:00", "08:30"),
(42, 2, 22, 20, 2, 2, "07:00", "08:30"),
(42, 2, 20, 18, 3, 2, "07:00", "08:30"),
(42, 2, 18, 16, 4, 2, "07:00", "08:30"),
(42, 2, 16, 14, 5, 2, "07:00", "08:30"),
(42, 2, 14, 12, 6, 2, "07:00", "08:30"),
(42, 2, 12, 10, 7, 2, "07:00", "08:30"),
(42, 2, 10, 8, 8, 2, "07:00", "08:30"),
(42, 2, 8, 6, 9, 2, "07:00", "08:30"),
(42, 2, 6, 4, 10, 2, "07:00", "08:30"),
(42, 2, 4, 2, 11, 2, "07:00", "08:30");


INSERT INTO MetodoPago(metodo) VALUES 
("Visa"),
("MasterCard"),
("PayPal"),
("Efectivo");

INSERT INTO Tiquet(codigo, precio) VALUES 
("2023083010110001", 302.08),
("2023090119070001", 157.58),
("2023090119070002", 157.58),
("2023091517110001", 120.68),
("2023102918540001", 305.34);

INSERT INTO Reserva (codigo_Tiquet, numero_Asiento, codigo_L_R_T_Asiento, idInicial_T_R_T_Asiento, idFinal_T_R_T_Asiento, orden_R_T_Asiento, numero_U_T_Asiento, horaSalida_S_T_Asiento, horaLlegada_L_T_Asiento, id_Usuario, metodo_MetodoPago, fecha, hora, estado, fechaLimite) VALUES
("2023083010110001", 21, 1, 1, 3, 1, 2, "06:00", "07:30", 1, "MasterCard", "2023-12-02", "06:00", "Pagado", "2023-11-30"),
("2023083010110001", 21, 1, 3, 5, 2, 2, "06:00", "07:30", 1, "MasterCard", "2023-12-02", "06:04", "Pagado", "2023-11-30"),
("2023083010110001", 21, 1, 5, 7, 3, 2, "06:00", "07:30", 1, "MasterCard", "2023-12-02", "06:09", "Pagado", "2023-11-30"),
("2023083010110001", 21, 1, 7, 9, 4, 2, "06:00", "07:30", 1, "MasterCard", "2023-12-02", "06:21", "Pagado", "2023-11-30"),
("2023083010110001", 21, 1, 9, 11, 5, 2, "06:00", "07:30", 1, "MasterCard", "2023-12-02", "06:31", "Pagado", "2023-11-30"),
("2023083010110001", 21, 1, 11, 13, 6, 2, "06:00", "07:30", 1, "MasterCard", "2023-12-02", "06:37", "Pagado", "2023-11-30"),
("2023083010110001", 21, 1, 13, 15, 7, 2, "06:00", "07:30", 1, "MasterCard", "2023-12-02", "06:42", "Pagado", "2023-11-30"),
("2023083010110001", 21, 1, 15, 17, 8, 2, "06:00", "07:30", 1, "MasterCard", "2023-12-02", "06:51", "Pagado", "2023-11-30"),
("2023083010110001", 21, 1, 17, 19, 9, 2, "06:00", "07:30", 1, "MasterCard", "2023-12-02", "07:09", "Pagado", "2023-11-30"),
("2023083010110001", 21, 1, 19, 21, 10, 2, "06:00", "07:30", 1, "MasterCard", "2023-12-02", "07:20", "Pagado", "2023-11-30"),
("2023083010110001", 21, 1, 21, 23, 11, 2, "06:00", "07:30", 1, "MasterCard", "2023-12-02", "07:20", "Pagado", "2023-11-30"),


("2023090119070001", 7, 1, 1, 3, 1, 2, "06:00", "07:30", 2, "Efectivo", "2023-10-13", "06:04", "En Espera", "2023-10-11"),
("2023090119070001", 7, 1, 3, 5, 2, 2, "06:00", "07:30", 2, "Efectivo", "2023-10-13", "06:09", "En Espera", "2023-10-11"),
("2023090119070001", 7, 1, 5, 7, 3, 2, "06:00", "07:30", 2, "Efectivo", "2023-10-13", "06:21", "En Espera", "2023-10-11"),
("2023090119070001", 7, 1, 7, 9, 4, 2, "06:00", "07:30", 2, "Efectivo", "2023-10-13", "06:31", "En Espera", "2023-10-11"),
("2023090119070001", 7, 1, 9, 11, 5, 2, "06:00", "07:30", 2, "Efectivo", "2023-10-13", "06:37", "En Espera", "2023-10-11"),
("2023090119070001", 7, 1, 11, 13, 6, 2, "06:00", "07:30", 2, "Efectivo", "2023-10-13", "06:42", "En Espera", "2023-10-11"),
("2023090119070001", 7, 1, 13, 15, 7, 2, "06:00", "07:30", 2, "Efectivo", "2023-10-13", "06:51", "En Espera", "2023-10-11"),
("2023090119070001", 7, 1, 15, 17, 8, 2, "06:00", "07:30", 2, "Efectivo", "2023-10-13", "07:09", "En Espera", "2023-10-11"),

("2023090119070002", 8, 1, 1, 3, 1, 2, "06:00", "07:30", 2, "Efectivo", "2023-10-13", "06:04", "En Espera", "2023-10-11"),
("2023090119070002", 8, 1, 3, 5, 2, 2, "06:00", "07:30", 2, "Efectivo", "2023-10-13", "06:09", "En Espera", "2023-10-11"),
("2023090119070002", 8, 1, 5, 7, 3, 2, "06:00", "07:30", 2, "Efectivo", "2023-10-13", "06:21", "En Espera", "2023-10-11"),
("2023090119070002", 8, 1, 7, 9, 4, 2, "06:00", "07:30", 2, "Efectivo", "2023-10-13", "06:31", "En Espera", "2023-10-11"),
("2023090119070002", 8, 1, 9, 11, 5, 2, "06:00", "07:30", 2, "Efectivo", "2023-10-13", "06:37", "En Espera", "2023-10-11"),
("2023090119070002", 8, 1, 11, 13, 6, 2, "06:00", "07:30", 2, "Efectivo", "2023-10-13", "06:42", "En Espera", "2023-10-11"),
("2023090119070002", 8, 1, 13, 15, 7, 2, "06:00", "07:30", 2, "Efectivo", "2023-10-13", "06:51", "En Espera", "2023-10-11"),
("2023090119070002", 8, 1, 15, 17, 8, 2, "06:00", "07:30", 2, "Efectivo", "2023-10-13", "07:09", "En Espera", "2023-10-11"),


("2023091517110001", 16, 1, 3, 5, 2, 2, "18:00", "19:30", 3, "MasterCard", "2023-10-15", "18:04", "En Espera", "2023-10-13"),
("2023091517110001", 16, 1, 5, 7, 3, 2, "18:00", "19:30", 3, "MasterCard", "2023-10-15", "18:09", "En Espera", "2023-10-13"),
("2023091517110001", 16, 1, 7, 9, 4, 2, "18:00", "19:30", 3, "MasterCard", "2023-10-15", "18:21", "En Espera", "2023-10-13"),
("2023091517110001", 16, 1, 9, 11, 5, 2, "18:00", "19:30", 3, "MasterCard", "2023-10-15", "18:31", "En Espera", "2023-10-13"),
("2023091517110001", 16, 1, 11, 13, 6, 2, "18:00", "19:30", 3, "MasterCard", "2023-10-15", "18:37", "En Espera", "2023-10-13"),
("2023091517110001", 16, 1, 13, 15, 7, 2, "18:00", "19:30", 3, "MasterCard", "2023-10-15", "18:42", "En Espera", "2023-10-13"),


("2023102918540001", 17, 2, 23, 22, 1, 2, "07:00", "08:30", 1, "MasterCard", "2023-12-04", "06:00", "Pagado", "2023-12-02"),
("2023102918540001", 17, 2, 22, 20, 2, 2, "07:00", "08:30", 1, "MasterCard", "2023-12-04", "06:04", "Pagado", "2023-12-02"),
("2023102918540001", 17, 2, 20, 18, 3, 2, "07:00", "08:30", 1, "MasterCard", "2023-12-04", "06:09", "Pagado", "2023-12-02"),
("2023102918540001", 17, 2, 18, 16, 4, 2, "07:00", "08:30", 1, "MasterCard", "2023-12-04", "06:21", "Pagado", "2023-12-02"),
("2023102918540001", 17, 2, 16, 14, 5, 2, "07:00", "08:30", 1, "MasterCard", "2023-12-04", "06:31", "Pagado", "2023-12-02"),
("2023102918540001", 17, 2, 14, 12, 6, 2, "07:00", "08:30", 1, "MasterCard", "2023-12-04", "06:37", "Pagado", "2023-12-02"),
("2023102918540001", 17, 2, 12, 10, 7, 2, "07:00", "08:30", 1, "MasterCard", "2023-12-04", "06:42", "Pagado", "2023-12-02"),
("2023102918540001", 17, 2, 10, 8, 8, 2, "07:00", "08:30", 1, "MasterCard", "2023-12-04", "06:51", "Pagado", "2023-12-02"),
("2023102918540001", 17, 2, 8, 6, 9, 2, "07:00", "08:30", 1, "MasterCard", "2023-12-04", "07:09", "Pagado", "2023-12-02"),
("2023102918540001", 17, 2, 6, 4, 10, 2, "07:00", "08:30", 1, "MasterCard", "2023-12-04", "07:20", "Pagado", "2023-12-02"),
("2023102918540001", 17, 2, 4, 2, 11, 2, "07:00", "08:30", 1, "MasterCard", "2023-12-04", "07:20", "Pagado", "2023-12-02");