USE ViaUY;

INSERT INTO Permiso(nombre, descripcion, url) VALUES 
("Reservar", "Capaz de hacer reservas de asientos en los distintos viajes disponibles", "BusLookUp"),
("Ver Horarios", "Capaz de ver las lineas y las unidades que las recorren en su horario correspondiente", "LineAndTravelR"),
("Mis Reservas", "Capaz de ver todas las reservas que ha hecho, junto con la capacidad de pagarlas o cancelarlas", "UserReservations"),
("Administrar Viajes y Lineas", "Capaz de administrar las lineas, junto con sus viajes asignados", "TravelAndLineRD"),
("Administrar Tramos y Paradas", "Capaz de administrar las paradas ademas de los tramos que las conectan", "StopAndSectionRD"),
("Administrar Reservas", "Capaz de administrar todas las reservas", "ReserveManagement"),
("Estadísticas", "Capaz de entrar en el apartado de estadísticas de la página", "Statistics");

INSERT INTO Rol(nombre, descripcion) VALUES 
("Cliente", "Rol predeterminado, sólo gestiona sus reservas y opciones de usuario"),
("AdministradorMaestro", "Rol administrativo, tiene todos los permisos y poderes sobre la página"),
("Vetado", "Rol especial, no tiene permisos por lo que es incapaz de utilizar las opciones de la página");

INSERT INTO Tiene(nombre_Rol, nombre_Permiso) VALUES 
("AdministradorMaestro", "Reservar"),
("AdministradorMaestro", "Ver Horarios"),
("AdministradorMaestro", "Mis Reservas"),
("AdministradorMaestro", "Administrar Viajes Y Lineas"),
("AdministradorMaestro", "Administrar Tramos Y Paradas"),
("AdministradorMaestro", "Administrar Reservas"),
("AdministradorMaestro", "Estadísticas"),
("Cliente", "Reservar"),
("Cliente", "Ver Horarios"),
("Cliente", "Mis Reservas");

INSERT INTO Usuario (apodo, nombre, apellido, correo, contrasena, telefono, fechaNac, nombre_Rol) VALUES
("Admin", "Snow", "Souls", "snowsouls.trabajo@gmail.com", "$2y$10$u8gCpKkgGUVdO2hzH7A5kexWKxEwcrMr2OFL3a7ZcnjIoFYWtERGi", "22952365", "2001-04-01", "AdministradorMaestro"), -- Contraseña: maestro
("Cliente", "Cliente", "Genérico", "cuentagenericauruguay@gmail.com", "$2y$10$jWdg4WMfkNK0A4OeDV90J.FmU9f8lPdJX3fS8DVHHiXkjULXCTVxm", "092423876", "1989-08-24", "Cliente"), -- Contraseña: cliente
("Vetado", "Ban", "Expulsado", "personabaneada_mail_vetado@gmail.com", "$2y$10$fLQ/KfYxPTZ09nmGuRopCuEbiDUgGrgjNHt/e1stBoNWEE4U6TKZC", "098765432", "2002-11-11", "Vetado"); -- Contraseña: baneado

INSERT INTO Parada (direccion, coordenadas, vigencia) VALUES 
("Juan Zorrilla de San Martín, Pando, Canelones", "-34.71898137725014, -55.95506583373677", TRUE),
("Rivera, Pando, Canelones", "-34.717996122403505, -55.95210465502257", TRUE),
("Dr. Luis Alberto de Herrera, Pando, Canelones", "-34.71333455365755, -55.952939160075104", TRUE),
("Ruta 8 Vieja, Villa Olmos, Canelones", "-34.699072919507444, -55.93004754640965", TRUE),
("Ruta 8, -, Canelones", "-34.70109992640449, -55.902713246035326", TRUE),
("Ruta 8, Empalme Olmos, Canelones", "-34.701808618196665, -55.88904728833862", TRUE),
("Ruta 34, Piedra del Toro, Canelones", "-34.70075957673002, -55.88202958101005", TRUE),
("Ruta 34, La Montañesa, Canelones", "-34.720083822157356, -55.87840849431414", TRUE),
("Ruta 87, -, Canelones", "-34.73999695431282, -55.84690569016046", TRUE),
("Ruta 87, Salinas, Canelones", "-34.76392449036624, -55.84312081272526", TRUE),
("Av. Julieta, Salinas, Canelones", "-34.78390184640986, -55.83788798937505", TRUE);

INSERT INTO Estado (estado, multiplicador) VALUES 
('R', 1.15),
('M', 1.10),
('N', 1.00),
('B', 0.95),
('E', 0.9); 

INSERT INTO Tramo (idInicial, idFinal, tiempo, distancia, estado_Estado) VALUES 
(1, 2, "00:04", 0.3, 'N'),
(2, 3, "00:05", 0.56, 'N'),
(3, 4, "00:12", 2.8, 'M'),
(4, 5, "00:10", 2.6, 'B'),
(5, 6, "00:06", 1.27, 'E'),
(6, 7, "00:05", 0.69, 'B'),
(7, 8, "00:09", 2.42, 'B'),
(8, 9, "00:18", 4.4, 'B'),
(9, 10, "00:11", 2.72, 'B'),
(10, 11, "00:10", 2.27, 'B');

INSERT INTO Linea (nombre, origen, destino, vigencia) VALUES 
("L1", "Pando", "Salinas", true),
("R1", "Salinas", "Pando", true),
("L2", "Villa Olmos", "La Montañesa", false),
("R2", "La Montañesa", "Villa Olmos", true);

INSERT INTO Linea_diaHabil (codigo_Linea, dia) VALUES 
(1, 'D'),
(1, 'L'),
(1, 'M'),
(1, 'X'),
(1, 'J'),
(1, 'V'),
(1, 'S'),

(2, 'L'),
(2, 'M'),
(2, 'X'),
(2, 'J'),
(2, 'V'),

(3, 'S'),
(3, 'D'),

(4, 'V'),
(4, 'S'),
(4, 'D');

INSERT INTO Recorre (codigo_Linea, idInicial_Tramo, idFinal_Tramo, orden) VALUES 
(1, 1, 2, 1),
(1, 2, 3, 2),
(1, 3, 4, 3),
(1, 4, 5, 4),
(1, 5, 6, 5),
(1, 6, 7, 6),
(1, 7, 8, 7),
(1, 8, 9, 8),
(1, 9, 10, 9),
(1, 10, 11, 10),

(2, 10, 11, 1),
(2, 9, 10, 2),
(2, 8, 9, 3),
(2, 7, 8, 4),
(2, 6, 7, 5),
(2, 5, 6, 6),
(2, 4, 5, 7),
(2, 3, 4, 8),
(2, 2, 3, 9),
(2, 1, 2, 10),

(3, 4, 5, 1),
(3, 5, 6, 2),
(3, 6, 7, 3),
(3, 7, 8, 4),

(4, 7, 8, 1),
(4, 6, 7, 2),
(4, 5, 6, 3),
(4, 4, 5, 4);

INSERT INTO Unidad(numero, matricula, numeroChasis, capacidadPrimerPiso, capacidadSegundoPiso, vigencia) VALUES
(1, "APE2141", "5YJ3E1EA1HF000123", 30, 0, FALSE),
(2, "ARU7154", "5YJYGFEF9LF234567", 40, 0, TRUE),
(3, "AMT3598", "5YJRNBEF2LF456789", 40, 50, TRUE);

INSERT INTO Caracteristica(numero_Unidad, propiedad, multiplicador) VALUES
(1, "Aire Acondicionado", 1.15),
(1, "Cinturones de Seguridad", 1.05),
(1, "Espacio para Equipaje", 1.00),

(2, "Aire Acondicionado", 1.15),
(2, "Wi-Fi", 1.10),
(2, "Puertos de Carga", 1.10),
(2, "Cinturones de Seguridad", 1.05),
(2, "Espacio para Equipaje", 1.00),

(3, "Aire Acondicionado", 1.15),
(3, "Sistema de Entretenimiento", 1.10), 
(3, "Wi-Fi", 1.10),
(3, "Puertos de Carga", 1.10),
(3, "Sanitario", 1.10),
(3, "Cinturones de Seguridad", 1.05),
(3, "Espacio para Equipaje", 1.00),
(3, "Accesibilidad", 1.00);

INSERT INTO Salida (horaSalida) VALUES
("00:00"),
("01:00"),
("02:00"),
("03:00"),
("04:00"),
("05:00"),
("06:00"),
("07:00"),
("08:00"),
("09:00"),
("10:00"),
("11:00"),
("12:00"),
("13:00"),
("14:00"),
("15:00"),
("16:00"),
("17:00"),
("18:00"),
("19:00"),
("20:00"),
("21:00"),
("22:00"),
("23:00");

INSERT INTO Llegada (horallegada) VALUES
("00:00"),
("01:00"),
("02:00"),
("03:00"),
("04:00"),
("05:00"),
("06:00"),
("07:00"),
("08:00"),
("09:00"),
("10:00"),
("11:00"),
("12:00"),
("13:00"),
("14:00"),
("15:00"),
("16:00"),
("17:00"),
("18:00"),
("19:00"),
("20:00"),
("21:00"),
("22:00"),
("23:00");


INSERT INTO Parametro(nombre) VALUES
("precioKm"),
("tiempoReserva");

INSERT INTO ParametroDouble(nombre_Parametro, valorDouble) VALUES
("precioKm", 10);

INSERT INTO ParametroTime(nombre_Parametro, valorTime) VALUES
("tiempoReserva", "48:00");

INSERT INTO Transita(codigo_L_Recorre, idInicial_T_Recorre, idFinal_T_Recorre, orden_Recorre, numero_Unidad, horaSalida_Salida, horaLlegada_Llegada) VALUES
(1, 1, 2, 1, 2, "06:00", "07:00"),
(1, 2, 3, 2, 2, "06:00", "07:00"),
(1, 3, 4, 3, 2, "06:00", "07:00"),
(1, 4, 5, 4, 2, "06:00", "07:00"),
(1, 5, 6, 5, 2, "06:00", "07:00"),
(1, 6, 7, 6, 2, "06:00", "07:00"),
(1, 7, 8, 7, 2, "06:00", "07:00"),
(1, 8, 9, 8, 2, "06:00", "07:00"),
(1, 9, 10, 9, 2, "06:00", "07:00"),
(1, 10, 11, 10, 2, "06:00", "07:00"),

(2, 10, 11, 1, 2, "07:00", "08:00"),
(2, 9, 10, 2, 2, "07:00", "08:00"),
(2, 8, 9, 3, 2, "07:00", "08:00"),
(2, 7, 8, 4, 2, "07:00", "08:00"),
(2, 6, 7, 5, 2, "07:00", "08:00"),
(2, 5, 6, 6, 2, "07:00", "08:00"),
(2, 4, 5, 7, 2, "07:00", "08:00"),
(2, 3, 4, 8, 2, "07:00", "08:00"),
(2, 2, 3, 9, 2, "07:00", "08:00"),
(2, 1, 2, 10, 2, "07:00", "08:00"),

(3, 4, 5, 1, 3, "12:00", "13:00"),
(3, 5, 6, 2, 3, "12:00", "13:00"),
(3, 6, 7, 3, 3, "12:00", "13:00"),
(3, 7, 8, 4, 3, "12:00", "13:00"),

(4, 7, 8, 1, 1, "19:00", "20:00"),
(4, 6, 7, 2, 1, "19:00", "20:00"),
(4, 5, 6, 3, 1, "19:00", "20:00"),
(4, 4, 5, 4, 1, "19:00", "20:00");

INSERT INTO Asiento (numero, codigo_L_R_Transita, idInicial_T_R_Transita, idFinal_T_R_Transita, orden_R_Transita, numero_U_Transita, horaSalida_S_Transita, horaLlegada_L_Transita, nombre_P_ParametroDouble, precio) VALUES
(1, 1, 1, 2, 1, 2, "06:00", "07:00", "precioKm", ROUND((SELECT distancia FROM Tramo WHERE idInicial = 1 AND idFinal = 2)*(SELECT multiplicador FROM Tramo INNER JOIN Estado ON Tramo.estado_Estado = Estado.estado WHERE idInicial = 1 AND idFinal = 2)*(SELECT valorDouble FROM ParametroDouble WHERE nombre_Parametro = "precioKm")*(SELECT ROUND(SUM(multiplicador)-(COUNT(*)-1), 2) FROM Caracteristica WHERE numero_Unidad = 2), 2)),
(1, 1, 2, 3, 2, 2, "06:00", "07:00", "precioKm", ROUND((SELECT distancia FROM Tramo WHERE idInicial = 2 AND idFinal = 3)*(SELECT multiplicador FROM Tramo INNER JOIN Estado ON Tramo.estado_Estado = Estado.estado WHERE idInicial = 2 AND idFinal = 3)*(SELECT valorDouble FROM ParametroDouble WHERE nombre_Parametro = "precioKm")*(SELECT ROUND(SUM(multiplicador)-(COUNT(*)-1), 2) FROM Caracteristica WHERE numero_Unidad = 2), 2)),
(1, 1, 3, 4, 3, 2, "06:00", "07:00", "precioKm", ROUND((SELECT distancia FROM Tramo WHERE idInicial = 3 AND idFinal = 4)*(SELECT multiplicador FROM Tramo INNER JOIN Estado ON Tramo.estado_Estado = Estado.estado WHERE idInicial = 3 AND idFinal = 4)*(SELECT valorDouble FROM ParametroDouble WHERE nombre_Parametro = "precioKm")*(SELECT ROUND(SUM(multiplicador)-(COUNT(*)-1), 2) FROM Caracteristica WHERE numero_Unidad = 2), 2)),
(1, 1, 4, 5, 4, 2, "06:00", "07:00", "precioKm", ROUND((SELECT distancia FROM Tramo WHERE idInicial = 4 AND idFinal = 5)*(SELECT multiplicador FROM Tramo INNER JOIN Estado ON Tramo.estado_Estado = Estado.estado WHERE idInicial = 4 AND idFinal = 5)*(SELECT valorDouble FROM ParametroDouble WHERE nombre_Parametro = "precioKm")*(SELECT ROUND(SUM(multiplicador)-(COUNT(*)-1), 2) FROM Caracteristica WHERE numero_Unidad = 2), 2)),
(1, 1, 5, 6, 5, 2, "06:00", "07:00", "precioKm", ROUND((SELECT distancia FROM Tramo WHERE idInicial = 5 AND idFinal = 6)*(SELECT multiplicador FROM Tramo INNER JOIN Estado ON Tramo.estado_Estado = Estado.estado WHERE idInicial = 5 AND idFinal = 6)*(SELECT valorDouble FROM ParametroDouble WHERE nombre_Parametro = "precioKm")*(SELECT ROUND(SUM(multiplicador)-(COUNT(*)-1), 2) FROM Caracteristica WHERE numero_Unidad = 2), 2)),
(1, 1, 6, 7, 6, 2, "06:00", "07:00", "precioKm", ROUND((SELECT distancia FROM Tramo WHERE idInicial = 6 AND idFinal = 7)*(SELECT multiplicador FROM Tramo INNER JOIN Estado ON Tramo.estado_Estado = Estado.estado WHERE idInicial = 6 AND idFinal = 7)*(SELECT valorDouble FROM ParametroDouble WHERE nombre_Parametro = "precioKm")*(SELECT ROUND(SUM(multiplicador)-(COUNT(*)-1), 2) FROM Caracteristica WHERE numero_Unidad = 2), 2)),
(1, 1, 7, 8, 7, 2, "06:00", "07:00", "precioKm", ROUND((SELECT distancia FROM Tramo WHERE idInicial = 7 AND idFinal = 8)*(SELECT multiplicador FROM Tramo INNER JOIN Estado ON Tramo.estado_Estado = Estado.estado WHERE idInicial = 7 AND idFinal = 8)*(SELECT valorDouble FROM ParametroDouble WHERE nombre_Parametro = "precioKm")*(SELECT ROUND(SUM(multiplicador)-(COUNT(*)-1), 2) FROM Caracteristica WHERE numero_Unidad = 2), 2)),
(1, 1, 8, 9, 8, 2, "06:00", "07:00", "precioKm", ROUND((SELECT distancia FROM Tramo WHERE idInicial = 8 AND idFinal = 9)*(SELECT multiplicador FROM Tramo INNER JOIN Estado ON Tramo.estado_Estado = Estado.estado WHERE idInicial = 8 AND idFinal = 9)*(SELECT valorDouble FROM ParametroDouble WHERE nombre_Parametro = "precioKm")*(SELECT ROUND(SUM(multiplicador)-(COUNT(*)-1), 2) FROM Caracteristica WHERE numero_Unidad = 2), 2)),
(1, 1, 9, 10, 9, 2, "06:00", "07:00", "precioKm", ROUND((SELECT distancia FROM Tramo WHERE idInicial = 9 AND idFinal = 10)*(SELECT multiplicador FROM Tramo INNER JOIN Estado ON Tramo.estado_Estado = Estado.estado WHERE idInicial = 9 AND idFinal = 10)*(SELECT valorDouble FROM ParametroDouble WHERE nombre_Parametro = "precioKm")*(SELECT ROUND(SUM(multiplicador)-(COUNT(*)-1), 2) FROM Caracteristica WHERE numero_Unidad = 2), 2)),
(1, 1, 10, 11, 10, 2, "06:00", "07:00", "precioKm", ROUND((SELECT distancia FROM Tramo WHERE idInicial = 10  AND idFinal = 11)*(SELECT multiplicador FROM Tramo INNER JOIN Estado ON Tramo.estado_Estado = Estado.estado WHERE idInicial = 10 AND idFinal = 11)*(SELECT valorDouble FROM ParametroDouble WHERE nombre_Parametro = "precioKm")*(SELECT ROUND(SUM(multiplicador)-(COUNT(*)-1), 2) FROM Caracteristica WHERE numero_Unidad = 2), 2)),

(2, 1, 1, 2, 1, 2, "06:00", "07:00", "precioKm", ROUND((SELECT distancia FROM Tramo WHERE idInicial = 1 AND idFinal = 2)*(SELECT multiplicador FROM Tramo INNER JOIN Estado ON Tramo.estado_Estado = Estado.estado WHERE idInicial = 1 AND idFinal = 2)*(SELECT valorDouble FROM ParametroDouble WHERE nombre_Parametro = "precioKm")*(SELECT ROUND(SUM(multiplicador)-(COUNT(*)-1), 2) FROM Caracteristica WHERE numero_Unidad = 2), 2)),
(2, 1, 2, 3, 2, 2, "06:00", "07:00", "precioKm", ROUND((SELECT distancia FROM Tramo WHERE idInicial = 2 AND idFinal = 3)*(SELECT multiplicador FROM Tramo INNER JOIN Estado ON Tramo.estado_Estado = Estado.estado WHERE idInicial = 2 AND idFinal = 3)*(SELECT valorDouble FROM ParametroDouble WHERE nombre_Parametro = "precioKm")*(SELECT ROUND(SUM(multiplicador)-(COUNT(*)-1), 2) FROM Caracteristica WHERE numero_Unidad = 2), 2)),
(2, 1, 3, 4, 3, 2, "06:00", "07:00", "precioKm", ROUND((SELECT distancia FROM Tramo WHERE idInicial = 3 AND idFinal = 4)*(SELECT multiplicador FROM Tramo INNER JOIN Estado ON Tramo.estado_Estado = Estado.estado WHERE idInicial = 3 AND idFinal = 4)*(SELECT valorDouble FROM ParametroDouble WHERE nombre_Parametro = "precioKm")*(SELECT ROUND(SUM(multiplicador)-(COUNT(*)-1), 2) FROM Caracteristica WHERE numero_Unidad = 2), 2)),
(2, 1, 4, 5, 4, 2, "06:00", "07:00", "precioKm", ROUND((SELECT distancia FROM Tramo WHERE idInicial = 4 AND idFinal = 5)*(SELECT multiplicador FROM Tramo INNER JOIN Estado ON Tramo.estado_Estado = Estado.estado WHERE idInicial = 4 AND idFinal = 5)*(SELECT valorDouble FROM ParametroDouble WHERE nombre_Parametro = "precioKm")*(SELECT ROUND(SUM(multiplicador)-(COUNT(*)-1), 2) FROM Caracteristica WHERE numero_Unidad = 2), 2)),
(2, 1, 5, 6, 5, 2, "06:00", "07:00", "precioKm", ROUND((SELECT distancia FROM Tramo WHERE idInicial = 5 AND idFinal = 6)*(SELECT multiplicador FROM Tramo INNER JOIN Estado ON Tramo.estado_Estado = Estado.estado WHERE idInicial = 5 AND idFinal = 6)*(SELECT valorDouble FROM ParametroDouble WHERE nombre_Parametro = "precioKm")*(SELECT ROUND(SUM(multiplicador)-(COUNT(*)-1), 2) FROM Caracteristica WHERE numero_Unidad = 2), 2)),
(2, 1, 6, 7, 6, 2, "06:00", "07:00", "precioKm", ROUND((SELECT distancia FROM Tramo WHERE idInicial = 6 AND idFinal = 7)*(SELECT multiplicador FROM Tramo INNER JOIN Estado ON Tramo.estado_Estado = Estado.estado WHERE idInicial = 6 AND idFinal = 7)*(SELECT valorDouble FROM ParametroDouble WHERE nombre_Parametro = "precioKm")*(SELECT ROUND(SUM(multiplicador)-(COUNT(*)-1), 2) FROM Caracteristica WHERE numero_Unidad = 2), 2)),
(2, 1, 7, 8, 7, 2, "06:00", "07:00", "precioKm", ROUND((SELECT distancia FROM Tramo WHERE idInicial = 7 AND idFinal = 8)*(SELECT multiplicador FROM Tramo INNER JOIN Estado ON Tramo.estado_Estado = Estado.estado WHERE idInicial = 7 AND idFinal = 8)*(SELECT valorDouble FROM ParametroDouble WHERE nombre_Parametro = "precioKm")*(SELECT ROUND(SUM(multiplicador)-(COUNT(*)-1), 2) FROM Caracteristica WHERE numero_Unidad = 2), 2)),
(2, 1, 8, 9, 8, 2, "06:00", "07:00", "precioKm", ROUND((SELECT distancia FROM Tramo WHERE idInicial = 8 AND idFinal = 9)*(SELECT multiplicador FROM Tramo INNER JOIN Estado ON Tramo.estado_Estado = Estado.estado WHERE idInicial = 8 AND idFinal = 9)*(SELECT valorDouble FROM ParametroDouble WHERE nombre_Parametro = "precioKm")*(SELECT ROUND(SUM(multiplicador)-(COUNT(*)-1), 2) FROM Caracteristica WHERE numero_Unidad = 2), 2)),
(2, 1, 9, 10, 9, 2, "06:00", "07:00", "precioKm", ROUND((SELECT distancia FROM Tramo WHERE idInicial = 9 AND idFinal = 10)*(SELECT multiplicador FROM Tramo INNER JOIN Estado ON Tramo.estado_Estado = Estado.estado WHERE idInicial = 9 AND idFinal = 10)*(SELECT valorDouble FROM ParametroDouble WHERE nombre_Parametro = "precioKm")*(SELECT ROUND(SUM(multiplicador)-(COUNT(*)-1), 2) FROM Caracteristica WHERE numero_Unidad = 2), 2)),
(2, 1, 10, 11, 10, 2, "06:00", "07:00", "precioKm", ROUND((SELECT distancia FROM Tramo WHERE idInicial = 10  AND idFinal = 11)*(SELECT multiplicador FROM Tramo INNER JOIN Estado ON Tramo.estado_Estado = Estado.estado WHERE idInicial = 10 AND idFinal = 11)*(SELECT valorDouble FROM ParametroDouble WHERE nombre_Parametro = "precioKm")*(SELECT ROUND(SUM(multiplicador)-(COUNT(*)-1), 2) FROM Caracteristica WHERE numero_Unidad = 2), 2)),

(3, 1, 1, 2, 1, 2, "06:00", "07:00", "precioKm", ROUND((SELECT distancia FROM Tramo WHERE idInicial = 1 AND idFinal = 2)*(SELECT multiplicador FROM Tramo INNER JOIN Estado ON Tramo.estado_Estado = Estado.estado WHERE idInicial = 1 AND idFinal = 2)*(SELECT valorDouble FROM ParametroDouble WHERE nombre_Parametro = "precioKm")*(SELECT ROUND(SUM(multiplicador)-(COUNT(*)-1), 2) FROM Caracteristica WHERE numero_Unidad = 2), 2)),
(3, 1, 2, 3, 2, 2, "06:00", "07:00", "precioKm", ROUND((SELECT distancia FROM Tramo WHERE idInicial = 2 AND idFinal = 3)*(SELECT multiplicador FROM Tramo INNER JOIN Estado ON Tramo.estado_Estado = Estado.estado WHERE idInicial = 2 AND idFinal = 3)*(SELECT valorDouble FROM ParametroDouble WHERE nombre_Parametro = "precioKm")*(SELECT ROUND(SUM(multiplicador)-(COUNT(*)-1), 2) FROM Caracteristica WHERE numero_Unidad = 2), 2)),
(3, 1, 3, 4, 3, 2, "06:00", "07:00", "precioKm", ROUND((SELECT distancia FROM Tramo WHERE idInicial = 3 AND idFinal = 4)*(SELECT multiplicador FROM Tramo INNER JOIN Estado ON Tramo.estado_Estado = Estado.estado WHERE idInicial = 3 AND idFinal = 4)*(SELECT valorDouble FROM ParametroDouble WHERE nombre_Parametro = "precioKm")*(SELECT ROUND(SUM(multiplicador)-(COUNT(*)-1), 2) FROM Caracteristica WHERE numero_Unidad = 2), 2)),
(3, 1, 4, 5, 4, 2, "06:00", "07:00", "precioKm", ROUND((SELECT distancia FROM Tramo WHERE idInicial = 4 AND idFinal = 5)*(SELECT multiplicador FROM Tramo INNER JOIN Estado ON Tramo.estado_Estado = Estado.estado WHERE idInicial = 4 AND idFinal = 5)*(SELECT valorDouble FROM ParametroDouble WHERE nombre_Parametro = "precioKm")*(SELECT ROUND(SUM(multiplicador)-(COUNT(*)-1), 2) FROM Caracteristica WHERE numero_Unidad = 2), 2)),
(3, 1, 5, 6, 5, 2, "06:00", "07:00", "precioKm", ROUND((SELECT distancia FROM Tramo WHERE idInicial = 5 AND idFinal = 6)*(SELECT multiplicador FROM Tramo INNER JOIN Estado ON Tramo.estado_Estado = Estado.estado WHERE idInicial = 5 AND idFinal = 6)*(SELECT valorDouble FROM ParametroDouble WHERE nombre_Parametro = "precioKm")*(SELECT ROUND(SUM(multiplicador)-(COUNT(*)-1), 2) FROM Caracteristica WHERE numero_Unidad = 2), 2)),
(3, 1, 6, 7, 6, 2, "06:00", "07:00", "precioKm", ROUND((SELECT distancia FROM Tramo WHERE idInicial = 6 AND idFinal = 7)*(SELECT multiplicador FROM Tramo INNER JOIN Estado ON Tramo.estado_Estado = Estado.estado WHERE idInicial = 6 AND idFinal = 7)*(SELECT valorDouble FROM ParametroDouble WHERE nombre_Parametro = "precioKm")*(SELECT ROUND(SUM(multiplicador)-(COUNT(*)-1), 2) FROM Caracteristica WHERE numero_Unidad = 2), 2)),
(3, 1, 7, 8, 7, 2, "06:00", "07:00", "precioKm", ROUND((SELECT distancia FROM Tramo WHERE idInicial = 7 AND idFinal = 8)*(SELECT multiplicador FROM Tramo INNER JOIN Estado ON Tramo.estado_Estado = Estado.estado WHERE idInicial = 7 AND idFinal = 8)*(SELECT valorDouble FROM ParametroDouble WHERE nombre_Parametro = "precioKm")*(SELECT ROUND(SUM(multiplicador)-(COUNT(*)-1), 2) FROM Caracteristica WHERE numero_Unidad = 2), 2)),
(3, 1, 8, 9, 8, 2, "06:00", "07:00", "precioKm", ROUND((SELECT distancia FROM Tramo WHERE idInicial = 8 AND idFinal = 9)*(SELECT multiplicador FROM Tramo INNER JOIN Estado ON Tramo.estado_Estado = Estado.estado WHERE idInicial = 8 AND idFinal = 9)*(SELECT valorDouble FROM ParametroDouble WHERE nombre_Parametro = "precioKm")*(SELECT ROUND(SUM(multiplicador)-(COUNT(*)-1), 2) FROM Caracteristica WHERE numero_Unidad = 2), 2)),
(3, 1, 9, 10, 9, 2, "06:00", "07:00", "precioKm", ROUND((SELECT distancia FROM Tramo WHERE idInicial = 9 AND idFinal = 10)*(SELECT multiplicador FROM Tramo INNER JOIN Estado ON Tramo.estado_Estado = Estado.estado WHERE idInicial = 9 AND idFinal = 10)*(SELECT valorDouble FROM ParametroDouble WHERE nombre_Parametro = "precioKm")*(SELECT ROUND(SUM(multiplicador)-(COUNT(*)-1), 2) FROM Caracteristica WHERE numero_Unidad = 2), 2)),
(3, 1, 10, 11, 10, 2, "06:00", "07:00", "precioKm", ROUND((SELECT distancia FROM Tramo WHERE idInicial = 10  AND idFinal = 11)*(SELECT multiplicador FROM Tramo INNER JOIN Estado ON Tramo.estado_Estado = Estado.estado WHERE idInicial = 10 AND idFinal = 11)*(SELECT valorDouble FROM ParametroDouble WHERE nombre_Parametro = "precioKm")*(SELECT ROUND(SUM(multiplicador)-(COUNT(*)-1), 2) FROM Caracteristica WHERE numero_Unidad = 2), 2)),

(4, 1, 1, 2, 1, 2, "06:00", "07:00", "precioKm", ROUND((SELECT distancia FROM Tramo WHERE idInicial = 1 AND idFinal = 2)*(SELECT multiplicador FROM Tramo INNER JOIN Estado ON Tramo.estado_Estado = Estado.estado WHERE idInicial = 1 AND idFinal = 2)*(SELECT valorDouble FROM ParametroDouble WHERE nombre_Parametro = "precioKm")*(SELECT ROUND(SUM(multiplicador)-(COUNT(*)-1), 2) FROM Caracteristica WHERE numero_Unidad = 2), 2)),
(4, 1, 2, 3, 2, 2, "06:00", "07:00", "precioKm", ROUND((SELECT distancia FROM Tramo WHERE idInicial = 2 AND idFinal = 3)*(SELECT multiplicador FROM Tramo INNER JOIN Estado ON Tramo.estado_Estado = Estado.estado WHERE idInicial = 2 AND idFinal = 3)*(SELECT valorDouble FROM ParametroDouble WHERE nombre_Parametro = "precioKm")*(SELECT ROUND(SUM(multiplicador)-(COUNT(*)-1), 2) FROM Caracteristica WHERE numero_Unidad = 2), 2)),
(4, 1, 3, 4, 3, 2, "06:00", "07:00", "precioKm", ROUND((SELECT distancia FROM Tramo WHERE idInicial = 3 AND idFinal = 4)*(SELECT multiplicador FROM Tramo INNER JOIN Estado ON Tramo.estado_Estado = Estado.estado WHERE idInicial = 3 AND idFinal = 4)*(SELECT valorDouble FROM ParametroDouble WHERE nombre_Parametro = "precioKm")*(SELECT ROUND(SUM(multiplicador)-(COUNT(*)-1), 2) FROM Caracteristica WHERE numero_Unidad = 2), 2)),
(4, 1, 4, 5, 4, 2, "06:00", "07:00", "precioKm", ROUND((SELECT distancia FROM Tramo WHERE idInicial = 4 AND idFinal = 5)*(SELECT multiplicador FROM Tramo INNER JOIN Estado ON Tramo.estado_Estado = Estado.estado WHERE idInicial = 4 AND idFinal = 5)*(SELECT valorDouble FROM ParametroDouble WHERE nombre_Parametro = "precioKm")*(SELECT ROUND(SUM(multiplicador)-(COUNT(*)-1), 2) FROM Caracteristica WHERE numero_Unidad = 2), 2)),
(4, 1, 5, 6, 5, 2, "06:00", "07:00", "precioKm", ROUND((SELECT distancia FROM Tramo WHERE idInicial = 5 AND idFinal = 6)*(SELECT multiplicador FROM Tramo INNER JOIN Estado ON Tramo.estado_Estado = Estado.estado WHERE idInicial = 5 AND idFinal = 6)*(SELECT valorDouble FROM ParametroDouble WHERE nombre_Parametro = "precioKm")*(SELECT ROUND(SUM(multiplicador)-(COUNT(*)-1), 2) FROM Caracteristica WHERE numero_Unidad = 2), 2)),
(4, 1, 6, 7, 6, 2, "06:00", "07:00", "precioKm", ROUND((SELECT distancia FROM Tramo WHERE idInicial = 6 AND idFinal = 7)*(SELECT multiplicador FROM Tramo INNER JOIN Estado ON Tramo.estado_Estado = Estado.estado WHERE idInicial = 6 AND idFinal = 7)*(SELECT valorDouble FROM ParametroDouble WHERE nombre_Parametro = "precioKm")*(SELECT ROUND(SUM(multiplicador)-(COUNT(*)-1), 2) FROM Caracteristica WHERE numero_Unidad = 2), 2)),
(4, 1, 7, 8, 7, 2, "06:00", "07:00", "precioKm", ROUND((SELECT distancia FROM Tramo WHERE idInicial = 7 AND idFinal = 8)*(SELECT multiplicador FROM Tramo INNER JOIN Estado ON Tramo.estado_Estado = Estado.estado WHERE idInicial = 7 AND idFinal = 8)*(SELECT valorDouble FROM ParametroDouble WHERE nombre_Parametro = "precioKm")*(SELECT ROUND(SUM(multiplicador)-(COUNT(*)-1), 2) FROM Caracteristica WHERE numero_Unidad = 2), 2)),
(4, 1, 8, 9, 8, 2, "06:00", "07:00", "precioKm", ROUND((SELECT distancia FROM Tramo WHERE idInicial = 8 AND idFinal = 9)*(SELECT multiplicador FROM Tramo INNER JOIN Estado ON Tramo.estado_Estado = Estado.estado WHERE idInicial = 8 AND idFinal = 9)*(SELECT valorDouble FROM ParametroDouble WHERE nombre_Parametro = "precioKm")*(SELECT ROUND(SUM(multiplicador)-(COUNT(*)-1), 2) FROM Caracteristica WHERE numero_Unidad = 2), 2)),
(4, 1, 9, 10, 9, 2, "06:00", "07:00", "precioKm", ROUND((SELECT distancia FROM Tramo WHERE idInicial = 9 AND idFinal = 10)*(SELECT multiplicador FROM Tramo INNER JOIN Estado ON Tramo.estado_Estado = Estado.estado WHERE idInicial = 9 AND idFinal = 10)*(SELECT valorDouble FROM ParametroDouble WHERE nombre_Parametro = "precioKm")*(SELECT ROUND(SUM(multiplicador)-(COUNT(*)-1), 2) FROM Caracteristica WHERE numero_Unidad = 2), 2)),
(4, 1, 10, 11, 10, 2, "06:00", "07:00", "precioKm", ROUND((SELECT distancia FROM Tramo WHERE idInicial = 10  AND idFinal = 11)*(SELECT multiplicador FROM Tramo INNER JOIN Estado ON Tramo.estado_Estado = Estado.estado WHERE idInicial = 10 AND idFinal = 11)*(SELECT valorDouble FROM ParametroDouble WHERE nombre_Parametro = "precioKm")*(SELECT ROUND(SUM(multiplicador)-(COUNT(*)-1), 2) FROM Caracteristica WHERE numero_Unidad = 2), 2)),

(5, 1, 1, 2, 1, 2, "06:00", "07:00", "precioKm", ROUND((SELECT distancia FROM Tramo WHERE idInicial = 1 AND idFinal = 2)*(SELECT multiplicador FROM Tramo INNER JOIN Estado ON Tramo.estado_Estado = Estado.estado WHERE idInicial = 1 AND idFinal = 2)*(SELECT valorDouble FROM ParametroDouble WHERE nombre_Parametro = "precioKm")*(SELECT ROUND(SUM(multiplicador)-(COUNT(*)-1), 2) FROM Caracteristica WHERE numero_Unidad = 2), 2)),
(5, 1, 2, 3, 2, 2, "06:00", "07:00", "precioKm", ROUND((SELECT distancia FROM Tramo WHERE idInicial = 2 AND idFinal = 3)*(SELECT multiplicador FROM Tramo INNER JOIN Estado ON Tramo.estado_Estado = Estado.estado WHERE idInicial = 2 AND idFinal = 3)*(SELECT valorDouble FROM ParametroDouble WHERE nombre_Parametro = "precioKm")*(SELECT ROUND(SUM(multiplicador)-(COUNT(*)-1), 2) FROM Caracteristica WHERE numero_Unidad = 2), 2)),
(5, 1, 3, 4, 3, 2, "06:00", "07:00", "precioKm", ROUND((SELECT distancia FROM Tramo WHERE idInicial = 3 AND idFinal = 4)*(SELECT multiplicador FROM Tramo INNER JOIN Estado ON Tramo.estado_Estado = Estado.estado WHERE idInicial = 3 AND idFinal = 4)*(SELECT valorDouble FROM ParametroDouble WHERE nombre_Parametro = "precioKm")*(SELECT ROUND(SUM(multiplicador)-(COUNT(*)-1), 2) FROM Caracteristica WHERE numero_Unidad = 2), 2)),
(5, 1, 4, 5, 4, 2, "06:00", "07:00", "precioKm", ROUND((SELECT distancia FROM Tramo WHERE idInicial = 4 AND idFinal = 5)*(SELECT multiplicador FROM Tramo INNER JOIN Estado ON Tramo.estado_Estado = Estado.estado WHERE idInicial = 4 AND idFinal = 5)*(SELECT valorDouble FROM ParametroDouble WHERE nombre_Parametro = "precioKm")*(SELECT ROUND(SUM(multiplicador)-(COUNT(*)-1), 2) FROM Caracteristica WHERE numero_Unidad = 2), 2)),
(5, 1, 5, 6, 5, 2, "06:00", "07:00", "precioKm", ROUND((SELECT distancia FROM Tramo WHERE idInicial = 5 AND idFinal = 6)*(SELECT multiplicador FROM Tramo INNER JOIN Estado ON Tramo.estado_Estado = Estado.estado WHERE idInicial = 5 AND idFinal = 6)*(SELECT valorDouble FROM ParametroDouble WHERE nombre_Parametro = "precioKm")*(SELECT ROUND(SUM(multiplicador)-(COUNT(*)-1), 2) FROM Caracteristica WHERE numero_Unidad = 2), 2)),
(5, 1, 6, 7, 6, 2, "06:00", "07:00", "precioKm", ROUND((SELECT distancia FROM Tramo WHERE idInicial = 6 AND idFinal = 7)*(SELECT multiplicador FROM Tramo INNER JOIN Estado ON Tramo.estado_Estado = Estado.estado WHERE idInicial = 6 AND idFinal = 7)*(SELECT valorDouble FROM ParametroDouble WHERE nombre_Parametro = "precioKm")*(SELECT ROUND(SUM(multiplicador)-(COUNT(*)-1), 2) FROM Caracteristica WHERE numero_Unidad = 2), 2)),
(5, 1, 7, 8, 7, 2, "06:00", "07:00", "precioKm", ROUND((SELECT distancia FROM Tramo WHERE idInicial = 7 AND idFinal = 8)*(SELECT multiplicador FROM Tramo INNER JOIN Estado ON Tramo.estado_Estado = Estado.estado WHERE idInicial = 7 AND idFinal = 8)*(SELECT valorDouble FROM ParametroDouble WHERE nombre_Parametro = "precioKm")*(SELECT ROUND(SUM(multiplicador)-(COUNT(*)-1), 2) FROM Caracteristica WHERE numero_Unidad = 2), 2)),
(5, 1, 8, 9, 8, 2, "06:00", "07:00", "precioKm", ROUND((SELECT distancia FROM Tramo WHERE idInicial = 8 AND idFinal = 9)*(SELECT multiplicador FROM Tramo INNER JOIN Estado ON Tramo.estado_Estado = Estado.estado WHERE idInicial = 8 AND idFinal = 9)*(SELECT valorDouble FROM ParametroDouble WHERE nombre_Parametro = "precioKm")*(SELECT ROUND(SUM(multiplicador)-(COUNT(*)-1), 2) FROM Caracteristica WHERE numero_Unidad = 2), 2)),
(5, 1, 9, 10, 9, 2, "06:00", "07:00", "precioKm", ROUND((SELECT distancia FROM Tramo WHERE idInicial = 9 AND idFinal = 10)*(SELECT multiplicador FROM Tramo INNER JOIN Estado ON Tramo.estado_Estado = Estado.estado WHERE idInicial = 9 AND idFinal = 10)*(SELECT valorDouble FROM ParametroDouble WHERE nombre_Parametro = "precioKm")*(SELECT ROUND(SUM(multiplicador)-(COUNT(*)-1), 2) FROM Caracteristica WHERE numero_Unidad = 2), 2)),
(5, 1, 10, 11, 10, 2, "06:00", "07:00", "precioKm", ROUND((SELECT distancia FROM Tramo WHERE idInicial = 10  AND idFinal = 11)*(SELECT multiplicador FROM Tramo INNER JOIN Estado ON Tramo.estado_Estado = Estado.estado WHERE idInicial = 10 AND idFinal = 11)*(SELECT valorDouble FROM ParametroDouble WHERE nombre_Parametro = "precioKm")*(SELECT ROUND(SUM(multiplicador)-(COUNT(*)-1), 2) FROM Caracteristica WHERE numero_Unidad = 2), 2)),

(6, 1, 1, 2, 1, 2, "06:00", "07:00", "precioKm", ROUND((SELECT distancia FROM Tramo WHERE idInicial = 1 AND idFinal = 2)*(SELECT multiplicador FROM Tramo INNER JOIN Estado ON Tramo.estado_Estado = Estado.estado WHERE idInicial = 1 AND idFinal = 2)*(SELECT valorDouble FROM ParametroDouble WHERE nombre_Parametro = "precioKm")*(SELECT ROUND(SUM(multiplicador)-(COUNT(*)-1), 2) FROM Caracteristica WHERE numero_Unidad = 2), 2)),
(6, 1, 2, 3, 2, 2, "06:00", "07:00", "precioKm", ROUND((SELECT distancia FROM Tramo WHERE idInicial = 2 AND idFinal = 3)*(SELECT multiplicador FROM Tramo INNER JOIN Estado ON Tramo.estado_Estado = Estado.estado WHERE idInicial = 2 AND idFinal = 3)*(SELECT valorDouble FROM ParametroDouble WHERE nombre_Parametro = "precioKm")*(SELECT ROUND(SUM(multiplicador)-(COUNT(*)-1), 2) FROM Caracteristica WHERE numero_Unidad = 2), 2)),
(6, 1, 3, 4, 3, 2, "06:00", "07:00", "precioKm", ROUND((SELECT distancia FROM Tramo WHERE idInicial = 3 AND idFinal = 4)*(SELECT multiplicador FROM Tramo INNER JOIN Estado ON Tramo.estado_Estado = Estado.estado WHERE idInicial = 3 AND idFinal = 4)*(SELECT valorDouble FROM ParametroDouble WHERE nombre_Parametro = "precioKm")*(SELECT ROUND(SUM(multiplicador)-(COUNT(*)-1), 2) FROM Caracteristica WHERE numero_Unidad = 2), 2)),
(6, 1, 4, 5, 4, 2, "06:00", "07:00", "precioKm", ROUND((SELECT distancia FROM Tramo WHERE idInicial = 4 AND idFinal = 5)*(SELECT multiplicador FROM Tramo INNER JOIN Estado ON Tramo.estado_Estado = Estado.estado WHERE idInicial = 4 AND idFinal = 5)*(SELECT valorDouble FROM ParametroDouble WHERE nombre_Parametro = "precioKm")*(SELECT ROUND(SUM(multiplicador)-(COUNT(*)-1), 2) FROM Caracteristica WHERE numero_Unidad = 2), 2)),
(6, 1, 5, 6, 5, 2, "06:00", "07:00", "precioKm", ROUND((SELECT distancia FROM Tramo WHERE idInicial = 5 AND idFinal = 6)*(SELECT multiplicador FROM Tramo INNER JOIN Estado ON Tramo.estado_Estado = Estado.estado WHERE idInicial = 5 AND idFinal = 6)*(SELECT valorDouble FROM ParametroDouble WHERE nombre_Parametro = "precioKm")*(SELECT ROUND(SUM(multiplicador)-(COUNT(*)-1), 2) FROM Caracteristica WHERE numero_Unidad = 2), 2)),
(6, 1, 6, 7, 6, 2, "06:00", "07:00", "precioKm", ROUND((SELECT distancia FROM Tramo WHERE idInicial = 6 AND idFinal = 7)*(SELECT multiplicador FROM Tramo INNER JOIN Estado ON Tramo.estado_Estado = Estado.estado WHERE idInicial = 6 AND idFinal = 7)*(SELECT valorDouble FROM ParametroDouble WHERE nombre_Parametro = "precioKm")*(SELECT ROUND(SUM(multiplicador)-(COUNT(*)-1), 2) FROM Caracteristica WHERE numero_Unidad = 2), 2)),
(6, 1, 7, 8, 7, 2, "06:00", "07:00", "precioKm", ROUND((SELECT distancia FROM Tramo WHERE idInicial = 7 AND idFinal = 8)*(SELECT multiplicador FROM Tramo INNER JOIN Estado ON Tramo.estado_Estado = Estado.estado WHERE idInicial = 7 AND idFinal = 8)*(SELECT valorDouble FROM ParametroDouble WHERE nombre_Parametro = "precioKm")*(SELECT ROUND(SUM(multiplicador)-(COUNT(*)-1), 2) FROM Caracteristica WHERE numero_Unidad = 2), 2)),
(6, 1, 8, 9, 8, 2, "06:00", "07:00", "precioKm", ROUND((SELECT distancia FROM Tramo WHERE idInicial = 8 AND idFinal = 9)*(SELECT multiplicador FROM Tramo INNER JOIN Estado ON Tramo.estado_Estado = Estado.estado WHERE idInicial = 8 AND idFinal = 9)*(SELECT valorDouble FROM ParametroDouble WHERE nombre_Parametro = "precioKm")*(SELECT ROUND(SUM(multiplicador)-(COUNT(*)-1), 2) FROM Caracteristica WHERE numero_Unidad = 2), 2)),
(6, 1, 9, 10, 9, 2, "06:00", "07:00", "precioKm", ROUND((SELECT distancia FROM Tramo WHERE idInicial = 9 AND idFinal = 10)*(SELECT multiplicador FROM Tramo INNER JOIN Estado ON Tramo.estado_Estado = Estado.estado WHERE idInicial = 9 AND idFinal = 10)*(SELECT valorDouble FROM ParametroDouble WHERE nombre_Parametro = "precioKm")*(SELECT ROUND(SUM(multiplicador)-(COUNT(*)-1), 2) FROM Caracteristica WHERE numero_Unidad = 2), 2)),
(6, 1, 10, 11, 10, 2, "06:00", "07:00", "precioKm", ROUND((SELECT distancia FROM Tramo WHERE idInicial = 10  AND idFinal = 11)*(SELECT multiplicador FROM Tramo INNER JOIN Estado ON Tramo.estado_Estado = Estado.estado WHERE idInicial = 10 AND idFinal = 11)*(SELECT valorDouble FROM ParametroDouble WHERE nombre_Parametro = "precioKm")*(SELECT ROUND(SUM(multiplicador)-(COUNT(*)-1), 2) FROM Caracteristica WHERE numero_Unidad = 2), 2)),

(7, 1, 1, 2, 1, 2, "06:00", "07:00", "precioKm", ROUND((SELECT distancia FROM Tramo WHERE idInicial = 1 AND idFinal = 2)*(SELECT multiplicador FROM Tramo INNER JOIN Estado ON Tramo.estado_Estado = Estado.estado WHERE idInicial = 1 AND idFinal = 2)*(SELECT valorDouble FROM ParametroDouble WHERE nombre_Parametro = "precioKm")*(SELECT ROUND(SUM(multiplicador)-(COUNT(*)-1), 2) FROM Caracteristica WHERE numero_Unidad = 2), 2)),
(7, 1, 2, 3, 2, 2, "06:00", "07:00", "precioKm", ROUND((SELECT distancia FROM Tramo WHERE idInicial = 2 AND idFinal = 3)*(SELECT multiplicador FROM Tramo INNER JOIN Estado ON Tramo.estado_Estado = Estado.estado WHERE idInicial = 2 AND idFinal = 3)*(SELECT valorDouble FROM ParametroDouble WHERE nombre_Parametro = "precioKm")*(SELECT ROUND(SUM(multiplicador)-(COUNT(*)-1), 2) FROM Caracteristica WHERE numero_Unidad = 2), 2)),
(7, 1, 3, 4, 3, 2, "06:00", "07:00", "precioKm", ROUND((SELECT distancia FROM Tramo WHERE idInicial = 3 AND idFinal = 4)*(SELECT multiplicador FROM Tramo INNER JOIN Estado ON Tramo.estado_Estado = Estado.estado WHERE idInicial = 3 AND idFinal = 4)*(SELECT valorDouble FROM ParametroDouble WHERE nombre_Parametro = "precioKm")*(SELECT ROUND(SUM(multiplicador)-(COUNT(*)-1), 2) FROM Caracteristica WHERE numero_Unidad = 2), 2)),
(7, 1, 4, 5, 4, 2, "06:00", "07:00", "precioKm", ROUND((SELECT distancia FROM Tramo WHERE idInicial = 4 AND idFinal = 5)*(SELECT multiplicador FROM Tramo INNER JOIN Estado ON Tramo.estado_Estado = Estado.estado WHERE idInicial = 4 AND idFinal = 5)*(SELECT valorDouble FROM ParametroDouble WHERE nombre_Parametro = "precioKm")*(SELECT ROUND(SUM(multiplicador)-(COUNT(*)-1), 2) FROM Caracteristica WHERE numero_Unidad = 2), 2)),
(7, 1, 5, 6, 5, 2, "06:00", "07:00", "precioKm", ROUND((SELECT distancia FROM Tramo WHERE idInicial = 5 AND idFinal = 6)*(SELECT multiplicador FROM Tramo INNER JOIN Estado ON Tramo.estado_Estado = Estado.estado WHERE idInicial = 5 AND idFinal = 6)*(SELECT valorDouble FROM ParametroDouble WHERE nombre_Parametro = "precioKm")*(SELECT ROUND(SUM(multiplicador)-(COUNT(*)-1), 2) FROM Caracteristica WHERE numero_Unidad = 2), 2)),
(7, 1, 6, 7, 6, 2, "06:00", "07:00", "precioKm", ROUND((SELECT distancia FROM Tramo WHERE idInicial = 6 AND idFinal = 7)*(SELECT multiplicador FROM Tramo INNER JOIN Estado ON Tramo.estado_Estado = Estado.estado WHERE idInicial = 6 AND idFinal = 7)*(SELECT valorDouble FROM ParametroDouble WHERE nombre_Parametro = "precioKm")*(SELECT ROUND(SUM(multiplicador)-(COUNT(*)-1), 2) FROM Caracteristica WHERE numero_Unidad = 2), 2)),
(7, 1, 7, 8, 7, 2, "06:00", "07:00", "precioKm", ROUND((SELECT distancia FROM Tramo WHERE idInicial = 7 AND idFinal = 8)*(SELECT multiplicador FROM Tramo INNER JOIN Estado ON Tramo.estado_Estado = Estado.estado WHERE idInicial = 7 AND idFinal = 8)*(SELECT valorDouble FROM ParametroDouble WHERE nombre_Parametro = "precioKm")*(SELECT ROUND(SUM(multiplicador)-(COUNT(*)-1), 2) FROM Caracteristica WHERE numero_Unidad = 2), 2)),
(7, 1, 8, 9, 8, 2, "06:00", "07:00", "precioKm", ROUND((SELECT distancia FROM Tramo WHERE idInicial = 8 AND idFinal = 9)*(SELECT multiplicador FROM Tramo INNER JOIN Estado ON Tramo.estado_Estado = Estado.estado WHERE idInicial = 8 AND idFinal = 9)*(SELECT valorDouble FROM ParametroDouble WHERE nombre_Parametro = "precioKm")*(SELECT ROUND(SUM(multiplicador)-(COUNT(*)-1), 2) FROM Caracteristica WHERE numero_Unidad = 2), 2)),
(7, 1, 9, 10, 9, 2, "06:00", "07:00", "precioKm", ROUND((SELECT distancia FROM Tramo WHERE idInicial = 9 AND idFinal = 10)*(SELECT multiplicador FROM Tramo INNER JOIN Estado ON Tramo.estado_Estado = Estado.estado WHERE idInicial = 9 AND idFinal = 10)*(SELECT valorDouble FROM ParametroDouble WHERE nombre_Parametro = "precioKm")*(SELECT ROUND(SUM(multiplicador)-(COUNT(*)-1), 2) FROM Caracteristica WHERE numero_Unidad = 2), 2)),
(7, 1, 10, 11, 10, 2, "06:00", "07:00", "precioKm", ROUND((SELECT distancia FROM Tramo WHERE idInicial = 10  AND idFinal = 11)*(SELECT multiplicador FROM Tramo INNER JOIN Estado ON Tramo.estado_Estado = Estado.estado WHERE idInicial = 10 AND idFinal = 11)*(SELECT valorDouble FROM ParametroDouble WHERE nombre_Parametro = "precioKm")*(SELECT ROUND(SUM(multiplicador)-(COUNT(*)-1), 2) FROM Caracteristica WHERE numero_Unidad = 2), 2)),

(8, 1, 1, 2, 1, 2, "06:00", "07:00", "precioKm", ROUND((SELECT distancia FROM Tramo WHERE idInicial = 1 AND idFinal = 2)*(SELECT multiplicador FROM Tramo INNER JOIN Estado ON Tramo.estado_Estado = Estado.estado WHERE idInicial = 1 AND idFinal = 2)*(SELECT valorDouble FROM ParametroDouble WHERE nombre_Parametro = "precioKm")*(SELECT ROUND(SUM(multiplicador)-(COUNT(*)-1), 2) FROM Caracteristica WHERE numero_Unidad = 2), 2)),
(8, 1, 2, 3, 2, 2, "06:00", "07:00", "precioKm", ROUND((SELECT distancia FROM Tramo WHERE idInicial = 2 AND idFinal = 3)*(SELECT multiplicador FROM Tramo INNER JOIN Estado ON Tramo.estado_Estado = Estado.estado WHERE idInicial = 2 AND idFinal = 3)*(SELECT valorDouble FROM ParametroDouble WHERE nombre_Parametro = "precioKm")*(SELECT ROUND(SUM(multiplicador)-(COUNT(*)-1), 2) FROM Caracteristica WHERE numero_Unidad = 2), 2)),
(8, 1, 3, 4, 3, 2, "06:00", "07:00", "precioKm", ROUND((SELECT distancia FROM Tramo WHERE idInicial = 3 AND idFinal = 4)*(SELECT multiplicador FROM Tramo INNER JOIN Estado ON Tramo.estado_Estado = Estado.estado WHERE idInicial = 3 AND idFinal = 4)*(SELECT valorDouble FROM ParametroDouble WHERE nombre_Parametro = "precioKm")*(SELECT ROUND(SUM(multiplicador)-(COUNT(*)-1), 2) FROM Caracteristica WHERE numero_Unidad = 2), 2)),
(8, 1, 4, 5, 4, 2, "06:00", "07:00", "precioKm", ROUND((SELECT distancia FROM Tramo WHERE idInicial = 4 AND idFinal = 5)*(SELECT multiplicador FROM Tramo INNER JOIN Estado ON Tramo.estado_Estado = Estado.estado WHERE idInicial = 4 AND idFinal = 5)*(SELECT valorDouble FROM ParametroDouble WHERE nombre_Parametro = "precioKm")*(SELECT ROUND(SUM(multiplicador)-(COUNT(*)-1), 2) FROM Caracteristica WHERE numero_Unidad = 2), 2)),
(8, 1, 5, 6, 5, 2, "06:00", "07:00", "precioKm", ROUND((SELECT distancia FROM Tramo WHERE idInicial = 5 AND idFinal = 6)*(SELECT multiplicador FROM Tramo INNER JOIN Estado ON Tramo.estado_Estado = Estado.estado WHERE idInicial = 5 AND idFinal = 6)*(SELECT valorDouble FROM ParametroDouble WHERE nombre_Parametro = "precioKm")*(SELECT ROUND(SUM(multiplicador)-(COUNT(*)-1), 2) FROM Caracteristica WHERE numero_Unidad = 2), 2)),
(8, 1, 6, 7, 6, 2, "06:00", "07:00", "precioKm", ROUND((SELECT distancia FROM Tramo WHERE idInicial = 6 AND idFinal = 7)*(SELECT multiplicador FROM Tramo INNER JOIN Estado ON Tramo.estado_Estado = Estado.estado WHERE idInicial = 6 AND idFinal = 7)*(SELECT valorDouble FROM ParametroDouble WHERE nombre_Parametro = "precioKm")*(SELECT ROUND(SUM(multiplicador)-(COUNT(*)-1), 2) FROM Caracteristica WHERE numero_Unidad = 2), 2)),
(8, 1, 7, 8, 7, 2, "06:00", "07:00", "precioKm", ROUND((SELECT distancia FROM Tramo WHERE idInicial = 7 AND idFinal = 8)*(SELECT multiplicador FROM Tramo INNER JOIN Estado ON Tramo.estado_Estado = Estado.estado WHERE idInicial = 7 AND idFinal = 8)*(SELECT valorDouble FROM ParametroDouble WHERE nombre_Parametro = "precioKm")*(SELECT ROUND(SUM(multiplicador)-(COUNT(*)-1), 2) FROM Caracteristica WHERE numero_Unidad = 2), 2)),
(8, 1, 8, 9, 8, 2, "06:00", "07:00", "precioKm", ROUND((SELECT distancia FROM Tramo WHERE idInicial = 8 AND idFinal = 9)*(SELECT multiplicador FROM Tramo INNER JOIN Estado ON Tramo.estado_Estado = Estado.estado WHERE idInicial = 8 AND idFinal = 9)*(SELECT valorDouble FROM ParametroDouble WHERE nombre_Parametro = "precioKm")*(SELECT ROUND(SUM(multiplicador)-(COUNT(*)-1), 2) FROM Caracteristica WHERE numero_Unidad = 2), 2)),
(8, 1, 9, 10, 9, 2, "06:00", "07:00", "precioKm", ROUND((SELECT distancia FROM Tramo WHERE idInicial = 9 AND idFinal = 10)*(SELECT multiplicador FROM Tramo INNER JOIN Estado ON Tramo.estado_Estado = Estado.estado WHERE idInicial = 9 AND idFinal = 10)*(SELECT valorDouble FROM ParametroDouble WHERE nombre_Parametro = "precioKm")*(SELECT ROUND(SUM(multiplicador)-(COUNT(*)-1), 2) FROM Caracteristica WHERE numero_Unidad = 2), 2)),
(8, 1, 10, 11, 10, 2, "06:00", "07:00", "precioKm", ROUND((SELECT distancia FROM Tramo WHERE idInicial = 10  AND idFinal = 11)*(SELECT multiplicador FROM Tramo INNER JOIN Estado ON Tramo.estado_Estado = Estado.estado WHERE idInicial = 10 AND idFinal = 11)*(SELECT valorDouble FROM ParametroDouble WHERE nombre_Parametro = "precioKm")*(SELECT ROUND(SUM(multiplicador)-(COUNT(*)-1), 2) FROM Caracteristica WHERE numero_Unidad = 2), 2)),

(9, 1, 1, 2, 1, 2, "06:00", "07:00", "precioKm", ROUND((SELECT distancia FROM Tramo WHERE idInicial = 1 AND idFinal = 2)*(SELECT multiplicador FROM Tramo INNER JOIN Estado ON Tramo.estado_Estado = Estado.estado WHERE idInicial = 1 AND idFinal = 2)*(SELECT valorDouble FROM ParametroDouble WHERE nombre_Parametro = "precioKm")*(SELECT ROUND(SUM(multiplicador)-(COUNT(*)-1), 2) FROM Caracteristica WHERE numero_Unidad = 2), 2)),
(9, 1, 2, 3, 2, 2, "06:00", "07:00", "precioKm", ROUND((SELECT distancia FROM Tramo WHERE idInicial = 2 AND idFinal = 3)*(SELECT multiplicador FROM Tramo INNER JOIN Estado ON Tramo.estado_Estado = Estado.estado WHERE idInicial = 2 AND idFinal = 3)*(SELECT valorDouble FROM ParametroDouble WHERE nombre_Parametro = "precioKm")*(SELECT ROUND(SUM(multiplicador)-(COUNT(*)-1), 2) FROM Caracteristica WHERE numero_Unidad = 2), 2)),
(9, 1, 3, 4, 3, 2, "06:00", "07:00", "precioKm", ROUND((SELECT distancia FROM Tramo WHERE idInicial = 3 AND idFinal = 4)*(SELECT multiplicador FROM Tramo INNER JOIN Estado ON Tramo.estado_Estado = Estado.estado WHERE idInicial = 3 AND idFinal = 4)*(SELECT valorDouble FROM ParametroDouble WHERE nombre_Parametro = "precioKm")*(SELECT ROUND(SUM(multiplicador)-(COUNT(*)-1), 2) FROM Caracteristica WHERE numero_Unidad = 2), 2)),
(9, 1, 4, 5, 4, 2, "06:00", "07:00", "precioKm", ROUND((SELECT distancia FROM Tramo WHERE idInicial = 4 AND idFinal = 5)*(SELECT multiplicador FROM Tramo INNER JOIN Estado ON Tramo.estado_Estado = Estado.estado WHERE idInicial = 4 AND idFinal = 5)*(SELECT valorDouble FROM ParametroDouble WHERE nombre_Parametro = "precioKm")*(SELECT ROUND(SUM(multiplicador)-(COUNT(*)-1), 2) FROM Caracteristica WHERE numero_Unidad = 2), 2)),
(9, 1, 5, 6, 5, 2, "06:00", "07:00", "precioKm", ROUND((SELECT distancia FROM Tramo WHERE idInicial = 5 AND idFinal = 6)*(SELECT multiplicador FROM Tramo INNER JOIN Estado ON Tramo.estado_Estado = Estado.estado WHERE idInicial = 5 AND idFinal = 6)*(SELECT valorDouble FROM ParametroDouble WHERE nombre_Parametro = "precioKm")*(SELECT ROUND(SUM(multiplicador)-(COUNT(*)-1), 2) FROM Caracteristica WHERE numero_Unidad = 2), 2)),
(9, 1, 6, 7, 6, 2, "06:00", "07:00", "precioKm", ROUND((SELECT distancia FROM Tramo WHERE idInicial = 6 AND idFinal = 7)*(SELECT multiplicador FROM Tramo INNER JOIN Estado ON Tramo.estado_Estado = Estado.estado WHERE idInicial = 6 AND idFinal = 7)*(SELECT valorDouble FROM ParametroDouble WHERE nombre_Parametro = "precioKm")*(SELECT ROUND(SUM(multiplicador)-(COUNT(*)-1), 2) FROM Caracteristica WHERE numero_Unidad = 2), 2)),
(9, 1, 7, 8, 7, 2, "06:00", "07:00", "precioKm", ROUND((SELECT distancia FROM Tramo WHERE idInicial = 7 AND idFinal = 8)*(SELECT multiplicador FROM Tramo INNER JOIN Estado ON Tramo.estado_Estado = Estado.estado WHERE idInicial = 7 AND idFinal = 8)*(SELECT valorDouble FROM ParametroDouble WHERE nombre_Parametro = "precioKm")*(SELECT ROUND(SUM(multiplicador)-(COUNT(*)-1), 2) FROM Caracteristica WHERE numero_Unidad = 2), 2)),
(9, 1, 8, 9, 8, 2, "06:00", "07:00", "precioKm", ROUND((SELECT distancia FROM Tramo WHERE idInicial = 8 AND idFinal = 9)*(SELECT multiplicador FROM Tramo INNER JOIN Estado ON Tramo.estado_Estado = Estado.estado WHERE idInicial = 8 AND idFinal = 9)*(SELECT valorDouble FROM ParametroDouble WHERE nombre_Parametro = "precioKm")*(SELECT ROUND(SUM(multiplicador)-(COUNT(*)-1), 2) FROM Caracteristica WHERE numero_Unidad = 2), 2)),
(9, 1, 9, 10, 9, 2, "06:00", "07:00", "precioKm", ROUND((SELECT distancia FROM Tramo WHERE idInicial = 9 AND idFinal = 10)*(SELECT multiplicador FROM Tramo INNER JOIN Estado ON Tramo.estado_Estado = Estado.estado WHERE idInicial = 9 AND idFinal = 10)*(SELECT valorDouble FROM ParametroDouble WHERE nombre_Parametro = "precioKm")*(SELECT ROUND(SUM(multiplicador)-(COUNT(*)-1), 2) FROM Caracteristica WHERE numero_Unidad = 2), 2)),
(9, 1, 10, 11, 10, 2, "06:00", "07:00", "precioKm", ROUND((SELECT distancia FROM Tramo WHERE idInicial = 10  AND idFinal = 11)*(SELECT multiplicador FROM Tramo INNER JOIN Estado ON Tramo.estado_Estado = Estado.estado WHERE idInicial = 10 AND idFinal = 11)*(SELECT valorDouble FROM ParametroDouble WHERE nombre_Parametro = "precioKm")*(SELECT ROUND(SUM(multiplicador)-(COUNT(*)-1), 2) FROM Caracteristica WHERE numero_Unidad = 2), 2)),

(10, 1, 1, 2, 1, 2, "06:00", "07:00", "precioKm", ROUND((SELECT distancia FROM Tramo WHERE idInicial = 1 AND idFinal = 2)*(SELECT multiplicador FROM Tramo INNER JOIN Estado ON Tramo.estado_Estado = Estado.estado WHERE idInicial = 1 AND idFinal = 2)*(SELECT valorDouble FROM ParametroDouble WHERE nombre_Parametro = "precioKm")*(SELECT ROUND(SUM(multiplicador)-(COUNT(*)-1), 2) FROM Caracteristica WHERE numero_Unidad = 2), 2)),
(10, 1, 2, 3, 2, 2, "06:00", "07:00", "precioKm", ROUND((SELECT distancia FROM Tramo WHERE idInicial = 2 AND idFinal = 3)*(SELECT multiplicador FROM Tramo INNER JOIN Estado ON Tramo.estado_Estado = Estado.estado WHERE idInicial = 2 AND idFinal = 3)*(SELECT valorDouble FROM ParametroDouble WHERE nombre_Parametro = "precioKm")*(SELECT ROUND(SUM(multiplicador)-(COUNT(*)-1), 2) FROM Caracteristica WHERE numero_Unidad = 2), 2)),
(10, 1, 3, 4, 3, 2, "06:00", "07:00", "precioKm", ROUND((SELECT distancia FROM Tramo WHERE idInicial = 3 AND idFinal = 4)*(SELECT multiplicador FROM Tramo INNER JOIN Estado ON Tramo.estado_Estado = Estado.estado WHERE idInicial = 3 AND idFinal = 4)*(SELECT valorDouble FROM ParametroDouble WHERE nombre_Parametro = "precioKm")*(SELECT ROUND(SUM(multiplicador)-(COUNT(*)-1), 2) FROM Caracteristica WHERE numero_Unidad = 2), 2)),
(10, 1, 4, 5, 4, 2, "06:00", "07:00", "precioKm", ROUND((SELECT distancia FROM Tramo WHERE idInicial = 4 AND idFinal = 5)*(SELECT multiplicador FROM Tramo INNER JOIN Estado ON Tramo.estado_Estado = Estado.estado WHERE idInicial = 4 AND idFinal = 5)*(SELECT valorDouble FROM ParametroDouble WHERE nombre_Parametro = "precioKm")*(SELECT ROUND(SUM(multiplicador)-(COUNT(*)-1), 2) FROM Caracteristica WHERE numero_Unidad = 2), 2)),
(10, 1, 5, 6, 5, 2, "06:00", "07:00", "precioKm", ROUND((SELECT distancia FROM Tramo WHERE idInicial = 5 AND idFinal = 6)*(SELECT multiplicador FROM Tramo INNER JOIN Estado ON Tramo.estado_Estado = Estado.estado WHERE idInicial = 5 AND idFinal = 6)*(SELECT valorDouble FROM ParametroDouble WHERE nombre_Parametro = "precioKm")*(SELECT ROUND(SUM(multiplicador)-(COUNT(*)-1), 2) FROM Caracteristica WHERE numero_Unidad = 2), 2)),
(10, 1, 6, 7, 6, 2, "06:00", "07:00", "precioKm", ROUND((SELECT distancia FROM Tramo WHERE idInicial = 6 AND idFinal = 7)*(SELECT multiplicador FROM Tramo INNER JOIN Estado ON Tramo.estado_Estado = Estado.estado WHERE idInicial = 6 AND idFinal = 7)*(SELECT valorDouble FROM ParametroDouble WHERE nombre_Parametro = "precioKm")*(SELECT ROUND(SUM(multiplicador)-(COUNT(*)-1), 2) FROM Caracteristica WHERE numero_Unidad = 2), 2)),
(10, 1, 7, 8, 7, 2, "06:00", "07:00", "precioKm", ROUND((SELECT distancia FROM Tramo WHERE idInicial = 7 AND idFinal = 8)*(SELECT multiplicador FROM Tramo INNER JOIN Estado ON Tramo.estado_Estado = Estado.estado WHERE idInicial = 7 AND idFinal = 8)*(SELECT valorDouble FROM ParametroDouble WHERE nombre_Parametro = "precioKm")*(SELECT ROUND(SUM(multiplicador)-(COUNT(*)-1), 2) FROM Caracteristica WHERE numero_Unidad = 2), 2)),
(10, 1, 8, 9, 8, 2, "06:00", "07:00", "precioKm", ROUND((SELECT distancia FROM Tramo WHERE idInicial = 8 AND idFinal = 9)*(SELECT multiplicador FROM Tramo INNER JOIN Estado ON Tramo.estado_Estado = Estado.estado WHERE idInicial = 8 AND idFinal = 9)*(SELECT valorDouble FROM ParametroDouble WHERE nombre_Parametro = "precioKm")*(SELECT ROUND(SUM(multiplicador)-(COUNT(*)-1), 2) FROM Caracteristica WHERE numero_Unidad = 2), 2)),
(10, 1, 9, 10, 9, 2, "06:00", "07:00", "precioKm", ROUND((SELECT distancia FROM Tramo WHERE idInicial = 9 AND idFinal = 10)*(SELECT multiplicador FROM Tramo INNER JOIN Estado ON Tramo.estado_Estado = Estado.estado WHERE idInicial = 9 AND idFinal = 10)*(SELECT valorDouble FROM ParametroDouble WHERE nombre_Parametro = "precioKm")*(SELECT ROUND(SUM(multiplicador)-(COUNT(*)-1), 2) FROM Caracteristica WHERE numero_Unidad = 2), 2)),
(10, 1, 10, 11, 10, 2, "06:00", "07:00", "precioKm", ROUND((SELECT distancia FROM Tramo WHERE idInicial = 10  AND idFinal = 11)*(SELECT multiplicador FROM Tramo INNER JOIN Estado ON Tramo.estado_Estado = Estado.estado WHERE idInicial = 10 AND idFinal = 11)*(SELECT valorDouble FROM ParametroDouble WHERE nombre_Parametro = "precioKm")*(SELECT ROUND(SUM(multiplicador)-(COUNT(*)-1), 2) FROM Caracteristica WHERE numero_Unidad = 2), 2)),

(11, 1, 1, 2, 1, 2, "06:00", "07:00", "precioKm", ROUND((SELECT distancia FROM Tramo WHERE idInicial = 1 AND idFinal = 2)*(SELECT multiplicador FROM Tramo INNER JOIN Estado ON Tramo.estado_Estado = Estado.estado WHERE idInicial = 1 AND idFinal = 2)*(SELECT valorDouble FROM ParametroDouble WHERE nombre_Parametro = "precioKm")*(SELECT ROUND(SUM(multiplicador)-(COUNT(*)-1), 2) FROM Caracteristica WHERE numero_Unidad = 2), 2)),
(11, 1, 2, 3, 2, 2, "06:00", "07:00", "precioKm", ROUND((SELECT distancia FROM Tramo WHERE idInicial = 2 AND idFinal = 3)*(SELECT multiplicador FROM Tramo INNER JOIN Estado ON Tramo.estado_Estado = Estado.estado WHERE idInicial = 2 AND idFinal = 3)*(SELECT valorDouble FROM ParametroDouble WHERE nombre_Parametro = "precioKm")*(SELECT ROUND(SUM(multiplicador)-(COUNT(*)-1), 2) FROM Caracteristica WHERE numero_Unidad = 2), 2)),
(11, 1, 3, 4, 3, 2, "06:00", "07:00", "precioKm", ROUND((SELECT distancia FROM Tramo WHERE idInicial = 3 AND idFinal = 4)*(SELECT multiplicador FROM Tramo INNER JOIN Estado ON Tramo.estado_Estado = Estado.estado WHERE idInicial = 3 AND idFinal = 4)*(SELECT valorDouble FROM ParametroDouble WHERE nombre_Parametro = "precioKm")*(SELECT ROUND(SUM(multiplicador)-(COUNT(*)-1), 2) FROM Caracteristica WHERE numero_Unidad = 2), 2)),
(11, 1, 4, 5, 4, 2, "06:00", "07:00", "precioKm", ROUND((SELECT distancia FROM Tramo WHERE idInicial = 4 AND idFinal = 5)*(SELECT multiplicador FROM Tramo INNER JOIN Estado ON Tramo.estado_Estado = Estado.estado WHERE idInicial = 4 AND idFinal = 5)*(SELECT valorDouble FROM ParametroDouble WHERE nombre_Parametro = "precioKm")*(SELECT ROUND(SUM(multiplicador)-(COUNT(*)-1), 2) FROM Caracteristica WHERE numero_Unidad = 2), 2)),
(11, 1, 5, 6, 5, 2, "06:00", "07:00", "precioKm", ROUND((SELECT distancia FROM Tramo WHERE idInicial = 5 AND idFinal = 6)*(SELECT multiplicador FROM Tramo INNER JOIN Estado ON Tramo.estado_Estado = Estado.estado WHERE idInicial = 5 AND idFinal = 6)*(SELECT valorDouble FROM ParametroDouble WHERE nombre_Parametro = "precioKm")*(SELECT ROUND(SUM(multiplicador)-(COUNT(*)-1), 2) FROM Caracteristica WHERE numero_Unidad = 2), 2)),
(11, 1, 6, 7, 6, 2, "06:00", "07:00", "precioKm", ROUND((SELECT distancia FROM Tramo WHERE idInicial = 6 AND idFinal = 7)*(SELECT multiplicador FROM Tramo INNER JOIN Estado ON Tramo.estado_Estado = Estado.estado WHERE idInicial = 6 AND idFinal = 7)*(SELECT valorDouble FROM ParametroDouble WHERE nombre_Parametro = "precioKm")*(SELECT ROUND(SUM(multiplicador)-(COUNT(*)-1), 2) FROM Caracteristica WHERE numero_Unidad = 2), 2)),
(11, 1, 7, 8, 7, 2, "06:00", "07:00", "precioKm", ROUND((SELECT distancia FROM Tramo WHERE idInicial = 7 AND idFinal = 8)*(SELECT multiplicador FROM Tramo INNER JOIN Estado ON Tramo.estado_Estado = Estado.estado WHERE idInicial = 7 AND idFinal = 8)*(SELECT valorDouble FROM ParametroDouble WHERE nombre_Parametro = "precioKm")*(SELECT ROUND(SUM(multiplicador)-(COUNT(*)-1), 2) FROM Caracteristica WHERE numero_Unidad = 2), 2)),
(11, 1, 8, 9, 8, 2, "06:00", "07:00", "precioKm", ROUND((SELECT distancia FROM Tramo WHERE idInicial = 8 AND idFinal = 9)*(SELECT multiplicador FROM Tramo INNER JOIN Estado ON Tramo.estado_Estado = Estado.estado WHERE idInicial = 8 AND idFinal = 9)*(SELECT valorDouble FROM ParametroDouble WHERE nombre_Parametro = "precioKm")*(SELECT ROUND(SUM(multiplicador)-(COUNT(*)-1), 2) FROM Caracteristica WHERE numero_Unidad = 2), 2)),
(11, 1, 9, 10, 9, 2, "06:00", "07:00", "precioKm", ROUND((SELECT distancia FROM Tramo WHERE idInicial = 9 AND idFinal = 10)*(SELECT multiplicador FROM Tramo INNER JOIN Estado ON Tramo.estado_Estado = Estado.estado WHERE idInicial = 9 AND idFinal = 10)*(SELECT valorDouble FROM ParametroDouble WHERE nombre_Parametro = "precioKm")*(SELECT ROUND(SUM(multiplicador)-(COUNT(*)-1), 2) FROM Caracteristica WHERE numero_Unidad = 2), 2)),
(11, 1, 10, 11, 10, 2, "06:00", "07:00", "precioKm", ROUND((SELECT distancia FROM Tramo WHERE idInicial = 10  AND idFinal = 11)*(SELECT multiplicador FROM Tramo INNER JOIN Estado ON Tramo.estado_Estado = Estado.estado WHERE idInicial = 10 AND idFinal = 11)*(SELECT valorDouble FROM ParametroDouble WHERE nombre_Parametro = "precioKm")*(SELECT ROUND(SUM(multiplicador)-(COUNT(*)-1), 2) FROM Caracteristica WHERE numero_Unidad = 2), 2)),

(12, 1, 1, 2, 1, 2, "06:00", "07:00", "precioKm", ROUND((SELECT distancia FROM Tramo WHERE idInicial = 1 AND idFinal = 2)*(SELECT multiplicador FROM Tramo INNER JOIN Estado ON Tramo.estado_Estado = Estado.estado WHERE idInicial = 1 AND idFinal = 2)*(SELECT valorDouble FROM ParametroDouble WHERE nombre_Parametro = "precioKm")*(SELECT ROUND(SUM(multiplicador)-(COUNT(*)-1), 2) FROM Caracteristica WHERE numero_Unidad = 2), 2)),
(12, 1, 2, 3, 2, 2, "06:00", "07:00", "precioKm", ROUND((SELECT distancia FROM Tramo WHERE idInicial = 2 AND idFinal = 3)*(SELECT multiplicador FROM Tramo INNER JOIN Estado ON Tramo.estado_Estado = Estado.estado WHERE idInicial = 2 AND idFinal = 3)*(SELECT valorDouble FROM ParametroDouble WHERE nombre_Parametro = "precioKm")*(SELECT ROUND(SUM(multiplicador)-(COUNT(*)-1), 2) FROM Caracteristica WHERE numero_Unidad = 2), 2)),
(12, 1, 3, 4, 3, 2, "06:00", "07:00", "precioKm", ROUND((SELECT distancia FROM Tramo WHERE idInicial = 3 AND idFinal = 4)*(SELECT multiplicador FROM Tramo INNER JOIN Estado ON Tramo.estado_Estado = Estado.estado WHERE idInicial = 3 AND idFinal = 4)*(SELECT valorDouble FROM ParametroDouble WHERE nombre_Parametro = "precioKm")*(SELECT ROUND(SUM(multiplicador)-(COUNT(*)-1), 2) FROM Caracteristica WHERE numero_Unidad = 2), 2)),
(12, 1, 4, 5, 4, 2, "06:00", "07:00", "precioKm", ROUND((SELECT distancia FROM Tramo WHERE idInicial = 4 AND idFinal = 5)*(SELECT multiplicador FROM Tramo INNER JOIN Estado ON Tramo.estado_Estado = Estado.estado WHERE idInicial = 4 AND idFinal = 5)*(SELECT valorDouble FROM ParametroDouble WHERE nombre_Parametro = "precioKm")*(SELECT ROUND(SUM(multiplicador)-(COUNT(*)-1), 2) FROM Caracteristica WHERE numero_Unidad = 2), 2)),
(12, 1, 5, 6, 5, 2, "06:00", "07:00", "precioKm", ROUND((SELECT distancia FROM Tramo WHERE idInicial = 5 AND idFinal = 6)*(SELECT multiplicador FROM Tramo INNER JOIN Estado ON Tramo.estado_Estado = Estado.estado WHERE idInicial = 5 AND idFinal = 6)*(SELECT valorDouble FROM ParametroDouble WHERE nombre_Parametro = "precioKm")*(SELECT ROUND(SUM(multiplicador)-(COUNT(*)-1), 2) FROM Caracteristica WHERE numero_Unidad = 2), 2)),
(12, 1, 6, 7, 6, 2, "06:00", "07:00", "precioKm", ROUND((SELECT distancia FROM Tramo WHERE idInicial = 6 AND idFinal = 7)*(SELECT multiplicador FROM Tramo INNER JOIN Estado ON Tramo.estado_Estado = Estado.estado WHERE idInicial = 6 AND idFinal = 7)*(SELECT valorDouble FROM ParametroDouble WHERE nombre_Parametro = "precioKm")*(SELECT ROUND(SUM(multiplicador)-(COUNT(*)-1), 2) FROM Caracteristica WHERE numero_Unidad = 2), 2)),
(12, 1, 7, 8, 7, 2, "06:00", "07:00", "precioKm", ROUND((SELECT distancia FROM Tramo WHERE idInicial = 7 AND idFinal = 8)*(SELECT multiplicador FROM Tramo INNER JOIN Estado ON Tramo.estado_Estado = Estado.estado WHERE idInicial = 7 AND idFinal = 8)*(SELECT valorDouble FROM ParametroDouble WHERE nombre_Parametro = "precioKm")*(SELECT ROUND(SUM(multiplicador)-(COUNT(*)-1), 2) FROM Caracteristica WHERE numero_Unidad = 2), 2)),
(12, 1, 8, 9, 8, 2, "06:00", "07:00", "precioKm", ROUND((SELECT distancia FROM Tramo WHERE idInicial = 8 AND idFinal = 9)*(SELECT multiplicador FROM Tramo INNER JOIN Estado ON Tramo.estado_Estado = Estado.estado WHERE idInicial = 8 AND idFinal = 9)*(SELECT valorDouble FROM ParametroDouble WHERE nombre_Parametro = "precioKm")*(SELECT ROUND(SUM(multiplicador)-(COUNT(*)-1), 2) FROM Caracteristica WHERE numero_Unidad = 2), 2)),
(12, 1, 9, 10, 9, 2, "06:00", "07:00", "precioKm", ROUND((SELECT distancia FROM Tramo WHERE idInicial = 9 AND idFinal = 10)*(SELECT multiplicador FROM Tramo INNER JOIN Estado ON Tramo.estado_Estado = Estado.estado WHERE idInicial = 9 AND idFinal = 10)*(SELECT valorDouble FROM ParametroDouble WHERE nombre_Parametro = "precioKm")*(SELECT ROUND(SUM(multiplicador)-(COUNT(*)-1), 2) FROM Caracteristica WHERE numero_Unidad = 2), 2)),
(12, 1, 10, 11, 10, 2, "06:00", "07:00", "precioKm", ROUND((SELECT distancia FROM Tramo WHERE idInicial = 10  AND idFinal = 11)*(SELECT multiplicador FROM Tramo INNER JOIN Estado ON Tramo.estado_Estado = Estado.estado WHERE idInicial = 10 AND idFinal = 11)*(SELECT valorDouble FROM ParametroDouble WHERE nombre_Parametro = "precioKm")*(SELECT ROUND(SUM(multiplicador)-(COUNT(*)-1), 2) FROM Caracteristica WHERE numero_Unidad = 2), 2)),

(13, 1, 1, 2, 1, 2, "06:00", "07:00", "precioKm", ROUND((SELECT distancia FROM Tramo WHERE idInicial = 1 AND idFinal = 2)*(SELECT multiplicador FROM Tramo INNER JOIN Estado ON Tramo.estado_Estado = Estado.estado WHERE idInicial = 1 AND idFinal = 2)*(SELECT valorDouble FROM ParametroDouble WHERE nombre_Parametro = "precioKm")*(SELECT ROUND(SUM(multiplicador)-(COUNT(*)-1), 2) FROM Caracteristica WHERE numero_Unidad = 2), 2)),
(13, 1, 2, 3, 2, 2, "06:00", "07:00", "precioKm", ROUND((SELECT distancia FROM Tramo WHERE idInicial = 2 AND idFinal = 3)*(SELECT multiplicador FROM Tramo INNER JOIN Estado ON Tramo.estado_Estado = Estado.estado WHERE idInicial = 2 AND idFinal = 3)*(SELECT valorDouble FROM ParametroDouble WHERE nombre_Parametro = "precioKm")*(SELECT ROUND(SUM(multiplicador)-(COUNT(*)-1), 2) FROM Caracteristica WHERE numero_Unidad = 2), 2)),
(13, 1, 3, 4, 3, 2, "06:00", "07:00", "precioKm", ROUND((SELECT distancia FROM Tramo WHERE idInicial = 3 AND idFinal = 4)*(SELECT multiplicador FROM Tramo INNER JOIN Estado ON Tramo.estado_Estado = Estado.estado WHERE idInicial = 3 AND idFinal = 4)*(SELECT valorDouble FROM ParametroDouble WHERE nombre_Parametro = "precioKm")*(SELECT ROUND(SUM(multiplicador)-(COUNT(*)-1), 2) FROM Caracteristica WHERE numero_Unidad = 2), 2)),
(13, 1, 4, 5, 4, 2, "06:00", "07:00", "precioKm", ROUND((SELECT distancia FROM Tramo WHERE idInicial = 4 AND idFinal = 5)*(SELECT multiplicador FROM Tramo INNER JOIN Estado ON Tramo.estado_Estado = Estado.estado WHERE idInicial = 4 AND idFinal = 5)*(SELECT valorDouble FROM ParametroDouble WHERE nombre_Parametro = "precioKm")*(SELECT ROUND(SUM(multiplicador)-(COUNT(*)-1), 2) FROM Caracteristica WHERE numero_Unidad = 2), 2)),
(13, 1, 5, 6, 5, 2, "06:00", "07:00", "precioKm", ROUND((SELECT distancia FROM Tramo WHERE idInicial = 5 AND idFinal = 6)*(SELECT multiplicador FROM Tramo INNER JOIN Estado ON Tramo.estado_Estado = Estado.estado WHERE idInicial = 5 AND idFinal = 6)*(SELECT valorDouble FROM ParametroDouble WHERE nombre_Parametro = "precioKm")*(SELECT ROUND(SUM(multiplicador)-(COUNT(*)-1), 2) FROM Caracteristica WHERE numero_Unidad = 2), 2)),
(13, 1, 6, 7, 6, 2, "06:00", "07:00", "precioKm", ROUND((SELECT distancia FROM Tramo WHERE idInicial = 6 AND idFinal = 7)*(SELECT multiplicador FROM Tramo INNER JOIN Estado ON Tramo.estado_Estado = Estado.estado WHERE idInicial = 6 AND idFinal = 7)*(SELECT valorDouble FROM ParametroDouble WHERE nombre_Parametro = "precioKm")*(SELECT ROUND(SUM(multiplicador)-(COUNT(*)-1), 2) FROM Caracteristica WHERE numero_Unidad = 2), 2)),
(13, 1, 7, 8, 7, 2, "06:00", "07:00", "precioKm", ROUND((SELECT distancia FROM Tramo WHERE idInicial = 7 AND idFinal = 8)*(SELECT multiplicador FROM Tramo INNER JOIN Estado ON Tramo.estado_Estado = Estado.estado WHERE idInicial = 7 AND idFinal = 8)*(SELECT valorDouble FROM ParametroDouble WHERE nombre_Parametro = "precioKm")*(SELECT ROUND(SUM(multiplicador)-(COUNT(*)-1), 2) FROM Caracteristica WHERE numero_Unidad = 2), 2)),
(13, 1, 8, 9, 8, 2, "06:00", "07:00", "precioKm", ROUND((SELECT distancia FROM Tramo WHERE idInicial = 8 AND idFinal = 9)*(SELECT multiplicador FROM Tramo INNER JOIN Estado ON Tramo.estado_Estado = Estado.estado WHERE idInicial = 8 AND idFinal = 9)*(SELECT valorDouble FROM ParametroDouble WHERE nombre_Parametro = "precioKm")*(SELECT ROUND(SUM(multiplicador)-(COUNT(*)-1), 2) FROM Caracteristica WHERE numero_Unidad = 2), 2)),
(13, 1, 9, 10, 9, 2, "06:00", "07:00", "precioKm", ROUND((SELECT distancia FROM Tramo WHERE idInicial = 9 AND idFinal = 10)*(SELECT multiplicador FROM Tramo INNER JOIN Estado ON Tramo.estado_Estado = Estado.estado WHERE idInicial = 9 AND idFinal = 10)*(SELECT valorDouble FROM ParametroDouble WHERE nombre_Parametro = "precioKm")*(SELECT ROUND(SUM(multiplicador)-(COUNT(*)-1), 2) FROM Caracteristica WHERE numero_Unidad = 2), 2)),
(13, 1, 10, 11, 10, 2, "06:00", "07:00", "precioKm", ROUND((SELECT distancia FROM Tramo WHERE idInicial = 10  AND idFinal = 11)*(SELECT multiplicador FROM Tramo INNER JOIN Estado ON Tramo.estado_Estado = Estado.estado WHERE idInicial = 10 AND idFinal = 11)*(SELECT valorDouble FROM ParametroDouble WHERE nombre_Parametro = "precioKm")*(SELECT ROUND(SUM(multiplicador)-(COUNT(*)-1), 2) FROM Caracteristica WHERE numero_Unidad = 2), 2)),

(14, 1, 1, 2, 1, 2, "06:00", "07:00", "precioKm", ROUND((SELECT distancia FROM Tramo WHERE idInicial = 1 AND idFinal = 2)*(SELECT multiplicador FROM Tramo INNER JOIN Estado ON Tramo.estado_Estado = Estado.estado WHERE idInicial = 1 AND idFinal = 2)*(SELECT valorDouble FROM ParametroDouble WHERE nombre_Parametro = "precioKm")*(SELECT ROUND(SUM(multiplicador)-(COUNT(*)-1), 2) FROM Caracteristica WHERE numero_Unidad = 2), 2)),
(14, 1, 2, 3, 2, 2, "06:00", "07:00", "precioKm", ROUND((SELECT distancia FROM Tramo WHERE idInicial = 2 AND idFinal = 3)*(SELECT multiplicador FROM Tramo INNER JOIN Estado ON Tramo.estado_Estado = Estado.estado WHERE idInicial = 2 AND idFinal = 3)*(SELECT valorDouble FROM ParametroDouble WHERE nombre_Parametro = "precioKm")*(SELECT ROUND(SUM(multiplicador)-(COUNT(*)-1), 2) FROM Caracteristica WHERE numero_Unidad = 2), 2)),
(14, 1, 3, 4, 3, 2, "06:00", "07:00", "precioKm", ROUND((SELECT distancia FROM Tramo WHERE idInicial = 3 AND idFinal = 4)*(SELECT multiplicador FROM Tramo INNER JOIN Estado ON Tramo.estado_Estado = Estado.estado WHERE idInicial = 3 AND idFinal = 4)*(SELECT valorDouble FROM ParametroDouble WHERE nombre_Parametro = "precioKm")*(SELECT ROUND(SUM(multiplicador)-(COUNT(*)-1), 2) FROM Caracteristica WHERE numero_Unidad = 2), 2)),
(14, 1, 4, 5, 4, 2, "06:00", "07:00", "precioKm", ROUND((SELECT distancia FROM Tramo WHERE idInicial = 4 AND idFinal = 5)*(SELECT multiplicador FROM Tramo INNER JOIN Estado ON Tramo.estado_Estado = Estado.estado WHERE idInicial = 4 AND idFinal = 5)*(SELECT valorDouble FROM ParametroDouble WHERE nombre_Parametro = "precioKm")*(SELECT ROUND(SUM(multiplicador)-(COUNT(*)-1), 2) FROM Caracteristica WHERE numero_Unidad = 2), 2)),
(14, 1, 5, 6, 5, 2, "06:00", "07:00", "precioKm", ROUND((SELECT distancia FROM Tramo WHERE idInicial = 5 AND idFinal = 6)*(SELECT multiplicador FROM Tramo INNER JOIN Estado ON Tramo.estado_Estado = Estado.estado WHERE idInicial = 5 AND idFinal = 6)*(SELECT valorDouble FROM ParametroDouble WHERE nombre_Parametro = "precioKm")*(SELECT ROUND(SUM(multiplicador)-(COUNT(*)-1), 2) FROM Caracteristica WHERE numero_Unidad = 2), 2)),
(14, 1, 6, 7, 6, 2, "06:00", "07:00", "precioKm", ROUND((SELECT distancia FROM Tramo WHERE idInicial = 6 AND idFinal = 7)*(SELECT multiplicador FROM Tramo INNER JOIN Estado ON Tramo.estado_Estado = Estado.estado WHERE idInicial = 6 AND idFinal = 7)*(SELECT valorDouble FROM ParametroDouble WHERE nombre_Parametro = "precioKm")*(SELECT ROUND(SUM(multiplicador)-(COUNT(*)-1), 2) FROM Caracteristica WHERE numero_Unidad = 2), 2)),
(14, 1, 7, 8, 7, 2, "06:00", "07:00", "precioKm", ROUND((SELECT distancia FROM Tramo WHERE idInicial = 7 AND idFinal = 8)*(SELECT multiplicador FROM Tramo INNER JOIN Estado ON Tramo.estado_Estado = Estado.estado WHERE idInicial = 7 AND idFinal = 8)*(SELECT valorDouble FROM ParametroDouble WHERE nombre_Parametro = "precioKm")*(SELECT ROUND(SUM(multiplicador)-(COUNT(*)-1), 2) FROM Caracteristica WHERE numero_Unidad = 2), 2)),
(14, 1, 8, 9, 8, 2, "06:00", "07:00", "precioKm", ROUND((SELECT distancia FROM Tramo WHERE idInicial = 8 AND idFinal = 9)*(SELECT multiplicador FROM Tramo INNER JOIN Estado ON Tramo.estado_Estado = Estado.estado WHERE idInicial = 8 AND idFinal = 9)*(SELECT valorDouble FROM ParametroDouble WHERE nombre_Parametro = "precioKm")*(SELECT ROUND(SUM(multiplicador)-(COUNT(*)-1), 2) FROM Caracteristica WHERE numero_Unidad = 2), 2)),
(14, 1, 9, 10, 9, 2, "06:00", "07:00", "precioKm", ROUND((SELECT distancia FROM Tramo WHERE idInicial = 9 AND idFinal = 10)*(SELECT multiplicador FROM Tramo INNER JOIN Estado ON Tramo.estado_Estado = Estado.estado WHERE idInicial = 9 AND idFinal = 10)*(SELECT valorDouble FROM ParametroDouble WHERE nombre_Parametro = "precioKm")*(SELECT ROUND(SUM(multiplicador)-(COUNT(*)-1), 2) FROM Caracteristica WHERE numero_Unidad = 2), 2)),
(14, 1, 10, 11, 10, 2, "06:00", "07:00", "precioKm", ROUND((SELECT distancia FROM Tramo WHERE idInicial = 10  AND idFinal = 11)*(SELECT multiplicador FROM Tramo INNER JOIN Estado ON Tramo.estado_Estado = Estado.estado WHERE idInicial = 10 AND idFinal = 11)*(SELECT valorDouble FROM ParametroDouble WHERE nombre_Parametro = "precioKm")*(SELECT ROUND(SUM(multiplicador)-(COUNT(*)-1), 2) FROM Caracteristica WHERE numero_Unidad = 2), 2)),

(15, 1, 1, 2, 1, 2, "06:00", "07:00", "precioKm", ROUND((SELECT distancia FROM Tramo WHERE idInicial = 1 AND idFinal = 2)*(SELECT multiplicador FROM Tramo INNER JOIN Estado ON Tramo.estado_Estado = Estado.estado WHERE idInicial = 1 AND idFinal = 2)*(SELECT valorDouble FROM ParametroDouble WHERE nombre_Parametro = "precioKm")*(SELECT ROUND(SUM(multiplicador)-(COUNT(*)-1), 2) FROM Caracteristica WHERE numero_Unidad = 2), 2)),
(15, 1, 2, 3, 2, 2, "06:00", "07:00", "precioKm", ROUND((SELECT distancia FROM Tramo WHERE idInicial = 2 AND idFinal = 3)*(SELECT multiplicador FROM Tramo INNER JOIN Estado ON Tramo.estado_Estado = Estado.estado WHERE idInicial = 2 AND idFinal = 3)*(SELECT valorDouble FROM ParametroDouble WHERE nombre_Parametro = "precioKm")*(SELECT ROUND(SUM(multiplicador)-(COUNT(*)-1), 2) FROM Caracteristica WHERE numero_Unidad = 2), 2)),
(15, 1, 3, 4, 3, 2, "06:00", "07:00", "precioKm", ROUND((SELECT distancia FROM Tramo WHERE idInicial = 3 AND idFinal = 4)*(SELECT multiplicador FROM Tramo INNER JOIN Estado ON Tramo.estado_Estado = Estado.estado WHERE idInicial = 3 AND idFinal = 4)*(SELECT valorDouble FROM ParametroDouble WHERE nombre_Parametro = "precioKm")*(SELECT ROUND(SUM(multiplicador)-(COUNT(*)-1), 2) FROM Caracteristica WHERE numero_Unidad = 2), 2)),
(15, 1, 4, 5, 4, 2, "06:00", "07:00", "precioKm", ROUND((SELECT distancia FROM Tramo WHERE idInicial = 4 AND idFinal = 5)*(SELECT multiplicador FROM Tramo INNER JOIN Estado ON Tramo.estado_Estado = Estado.estado WHERE idInicial = 4 AND idFinal = 5)*(SELECT valorDouble FROM ParametroDouble WHERE nombre_Parametro = "precioKm")*(SELECT ROUND(SUM(multiplicador)-(COUNT(*)-1), 2) FROM Caracteristica WHERE numero_Unidad = 2), 2)),
(15, 1, 5, 6, 5, 2, "06:00", "07:00", "precioKm", ROUND((SELECT distancia FROM Tramo WHERE idInicial = 5 AND idFinal = 6)*(SELECT multiplicador FROM Tramo INNER JOIN Estado ON Tramo.estado_Estado = Estado.estado WHERE idInicial = 5 AND idFinal = 6)*(SELECT valorDouble FROM ParametroDouble WHERE nombre_Parametro = "precioKm")*(SELECT ROUND(SUM(multiplicador)-(COUNT(*)-1), 2) FROM Caracteristica WHERE numero_Unidad = 2), 2)),
(15, 1, 6, 7, 6, 2, "06:00", "07:00", "precioKm", ROUND((SELECT distancia FROM Tramo WHERE idInicial = 6 AND idFinal = 7)*(SELECT multiplicador FROM Tramo INNER JOIN Estado ON Tramo.estado_Estado = Estado.estado WHERE idInicial = 6 AND idFinal = 7)*(SELECT valorDouble FROM ParametroDouble WHERE nombre_Parametro = "precioKm")*(SELECT ROUND(SUM(multiplicador)-(COUNT(*)-1), 2) FROM Caracteristica WHERE numero_Unidad = 2), 2)),
(15, 1, 7, 8, 7, 2, "06:00", "07:00", "precioKm", ROUND((SELECT distancia FROM Tramo WHERE idInicial = 7 AND idFinal = 8)*(SELECT multiplicador FROM Tramo INNER JOIN Estado ON Tramo.estado_Estado = Estado.estado WHERE idInicial = 7 AND idFinal = 8)*(SELECT valorDouble FROM ParametroDouble WHERE nombre_Parametro = "precioKm")*(SELECT ROUND(SUM(multiplicador)-(COUNT(*)-1), 2) FROM Caracteristica WHERE numero_Unidad = 2), 2)),
(15, 1, 8, 9, 8, 2, "06:00", "07:00", "precioKm", ROUND((SELECT distancia FROM Tramo WHERE idInicial = 8 AND idFinal = 9)*(SELECT multiplicador FROM Tramo INNER JOIN Estado ON Tramo.estado_Estado = Estado.estado WHERE idInicial = 8 AND idFinal = 9)*(SELECT valorDouble FROM ParametroDouble WHERE nombre_Parametro = "precioKm")*(SELECT ROUND(SUM(multiplicador)-(COUNT(*)-1), 2) FROM Caracteristica WHERE numero_Unidad = 2), 2)),
(15, 1, 9, 10, 9, 2, "06:00", "07:00", "precioKm", ROUND((SELECT distancia FROM Tramo WHERE idInicial = 9 AND idFinal = 10)*(SELECT multiplicador FROM Tramo INNER JOIN Estado ON Tramo.estado_Estado = Estado.estado WHERE idInicial = 9 AND idFinal = 10)*(SELECT valorDouble FROM ParametroDouble WHERE nombre_Parametro = "precioKm")*(SELECT ROUND(SUM(multiplicador)-(COUNT(*)-1), 2) FROM Caracteristica WHERE numero_Unidad = 2), 2)),
(15, 1, 10, 11, 10, 2, "06:00", "07:00", "precioKm", ROUND((SELECT distancia FROM Tramo WHERE idInicial = 10  AND idFinal = 11)*(SELECT multiplicador FROM Tramo INNER JOIN Estado ON Tramo.estado_Estado = Estado.estado WHERE idInicial = 10 AND idFinal = 11)*(SELECT valorDouble FROM ParametroDouble WHERE nombre_Parametro = "precioKm")*(SELECT ROUND(SUM(multiplicador)-(COUNT(*)-1), 2) FROM Caracteristica WHERE numero_Unidad = 2), 2)),

(16, 1, 1, 2, 1, 2, "06:00", "07:00", "precioKm", ROUND((SELECT distancia FROM Tramo WHERE idInicial = 1 AND idFinal = 2)*(SELECT multiplicador FROM Tramo INNER JOIN Estado ON Tramo.estado_Estado = Estado.estado WHERE idInicial = 1 AND idFinal = 2)*(SELECT valorDouble FROM ParametroDouble WHERE nombre_Parametro = "precioKm")*(SELECT ROUND(SUM(multiplicador)-(COUNT(*)-1), 2) FROM Caracteristica WHERE numero_Unidad = 2), 2)),
(16, 1, 2, 3, 2, 2, "06:00", "07:00", "precioKm", ROUND((SELECT distancia FROM Tramo WHERE idInicial = 2 AND idFinal = 3)*(SELECT multiplicador FROM Tramo INNER JOIN Estado ON Tramo.estado_Estado = Estado.estado WHERE idInicial = 2 AND idFinal = 3)*(SELECT valorDouble FROM ParametroDouble WHERE nombre_Parametro = "precioKm")*(SELECT ROUND(SUM(multiplicador)-(COUNT(*)-1), 2) FROM Caracteristica WHERE numero_Unidad = 2), 2)),
(16, 1, 3, 4, 3, 2, "06:00", "07:00", "precioKm", ROUND((SELECT distancia FROM Tramo WHERE idInicial = 3 AND idFinal = 4)*(SELECT multiplicador FROM Tramo INNER JOIN Estado ON Tramo.estado_Estado = Estado.estado WHERE idInicial = 3 AND idFinal = 4)*(SELECT valorDouble FROM ParametroDouble WHERE nombre_Parametro = "precioKm")*(SELECT ROUND(SUM(multiplicador)-(COUNT(*)-1), 2) FROM Caracteristica WHERE numero_Unidad = 2), 2)),
(16, 1, 4, 5, 4, 2, "06:00", "07:00", "precioKm", ROUND((SELECT distancia FROM Tramo WHERE idInicial = 4 AND idFinal = 5)*(SELECT multiplicador FROM Tramo INNER JOIN Estado ON Tramo.estado_Estado = Estado.estado WHERE idInicial = 4 AND idFinal = 5)*(SELECT valorDouble FROM ParametroDouble WHERE nombre_Parametro = "precioKm")*(SELECT ROUND(SUM(multiplicador)-(COUNT(*)-1), 2) FROM Caracteristica WHERE numero_Unidad = 2), 2)),
(16, 1, 5, 6, 5, 2, "06:00", "07:00", "precioKm", ROUND((SELECT distancia FROM Tramo WHERE idInicial = 5 AND idFinal = 6)*(SELECT multiplicador FROM Tramo INNER JOIN Estado ON Tramo.estado_Estado = Estado.estado WHERE idInicial = 5 AND idFinal = 6)*(SELECT valorDouble FROM ParametroDouble WHERE nombre_Parametro = "precioKm")*(SELECT ROUND(SUM(multiplicador)-(COUNT(*)-1), 2) FROM Caracteristica WHERE numero_Unidad = 2), 2)),
(16, 1, 6, 7, 6, 2, "06:00", "07:00", "precioKm", ROUND((SELECT distancia FROM Tramo WHERE idInicial = 6 AND idFinal = 7)*(SELECT multiplicador FROM Tramo INNER JOIN Estado ON Tramo.estado_Estado = Estado.estado WHERE idInicial = 6 AND idFinal = 7)*(SELECT valorDouble FROM ParametroDouble WHERE nombre_Parametro = "precioKm")*(SELECT ROUND(SUM(multiplicador)-(COUNT(*)-1), 2) FROM Caracteristica WHERE numero_Unidad = 2), 2)),
(16, 1, 7, 8, 7, 2, "06:00", "07:00", "precioKm", ROUND((SELECT distancia FROM Tramo WHERE idInicial = 7 AND idFinal = 8)*(SELECT multiplicador FROM Tramo INNER JOIN Estado ON Tramo.estado_Estado = Estado.estado WHERE idInicial = 7 AND idFinal = 8)*(SELECT valorDouble FROM ParametroDouble WHERE nombre_Parametro = "precioKm")*(SELECT ROUND(SUM(multiplicador)-(COUNT(*)-1), 2) FROM Caracteristica WHERE numero_Unidad = 2), 2)),
(16, 1, 8, 9, 8, 2, "06:00", "07:00", "precioKm", ROUND((SELECT distancia FROM Tramo WHERE idInicial = 8 AND idFinal = 9)*(SELECT multiplicador FROM Tramo INNER JOIN Estado ON Tramo.estado_Estado = Estado.estado WHERE idInicial = 8 AND idFinal = 9)*(SELECT valorDouble FROM ParametroDouble WHERE nombre_Parametro = "precioKm")*(SELECT ROUND(SUM(multiplicador)-(COUNT(*)-1), 2) FROM Caracteristica WHERE numero_Unidad = 2), 2)),
(16, 1, 9, 10, 9, 2, "06:00", "07:00", "precioKm", ROUND((SELECT distancia FROM Tramo WHERE idInicial = 9 AND idFinal = 10)*(SELECT multiplicador FROM Tramo INNER JOIN Estado ON Tramo.estado_Estado = Estado.estado WHERE idInicial = 9 AND idFinal = 10)*(SELECT valorDouble FROM ParametroDouble WHERE nombre_Parametro = "precioKm")*(SELECT ROUND(SUM(multiplicador)-(COUNT(*)-1), 2) FROM Caracteristica WHERE numero_Unidad = 2), 2)),
(16, 1, 10, 11, 10, 2, "06:00", "07:00", "precioKm", ROUND((SELECT distancia FROM Tramo WHERE idInicial = 10  AND idFinal = 11)*(SELECT multiplicador FROM Tramo INNER JOIN Estado ON Tramo.estado_Estado = Estado.estado WHERE idInicial = 10 AND idFinal = 11)*(SELECT valorDouble FROM ParametroDouble WHERE nombre_Parametro = "precioKm")*(SELECT ROUND(SUM(multiplicador)-(COUNT(*)-1), 2) FROM Caracteristica WHERE numero_Unidad = 2), 2)),

(17, 1, 1, 2, 1, 2, "06:00", "07:00", "precioKm", ROUND((SELECT distancia FROM Tramo WHERE idInicial = 1 AND idFinal = 2)*(SELECT multiplicador FROM Tramo INNER JOIN Estado ON Tramo.estado_Estado = Estado.estado WHERE idInicial = 1 AND idFinal = 2)*(SELECT valorDouble FROM ParametroDouble WHERE nombre_Parametro = "precioKm")*(SELECT ROUND(SUM(multiplicador)-(COUNT(*)-1), 2) FROM Caracteristica WHERE numero_Unidad = 2), 2)),
(17, 1, 2, 3, 2, 2, "06:00", "07:00", "precioKm", ROUND((SELECT distancia FROM Tramo WHERE idInicial = 2 AND idFinal = 3)*(SELECT multiplicador FROM Tramo INNER JOIN Estado ON Tramo.estado_Estado = Estado.estado WHERE idInicial = 2 AND idFinal = 3)*(SELECT valorDouble FROM ParametroDouble WHERE nombre_Parametro = "precioKm")*(SELECT ROUND(SUM(multiplicador)-(COUNT(*)-1), 2) FROM Caracteristica WHERE numero_Unidad = 2), 2)),
(17, 1, 3, 4, 3, 2, "06:00", "07:00", "precioKm", ROUND((SELECT distancia FROM Tramo WHERE idInicial = 3 AND idFinal = 4)*(SELECT multiplicador FROM Tramo INNER JOIN Estado ON Tramo.estado_Estado = Estado.estado WHERE idInicial = 3 AND idFinal = 4)*(SELECT valorDouble FROM ParametroDouble WHERE nombre_Parametro = "precioKm")*(SELECT ROUND(SUM(multiplicador)-(COUNT(*)-1), 2) FROM Caracteristica WHERE numero_Unidad = 2), 2)),
(17, 1, 4, 5, 4, 2, "06:00", "07:00", "precioKm", ROUND((SELECT distancia FROM Tramo WHERE idInicial = 4 AND idFinal = 5)*(SELECT multiplicador FROM Tramo INNER JOIN Estado ON Tramo.estado_Estado = Estado.estado WHERE idInicial = 4 AND idFinal = 5)*(SELECT valorDouble FROM ParametroDouble WHERE nombre_Parametro = "precioKm")*(SELECT ROUND(SUM(multiplicador)-(COUNT(*)-1), 2) FROM Caracteristica WHERE numero_Unidad = 2), 2)),
(17, 1, 5, 6, 5, 2, "06:00", "07:00", "precioKm", ROUND((SELECT distancia FROM Tramo WHERE idInicial = 5 AND idFinal = 6)*(SELECT multiplicador FROM Tramo INNER JOIN Estado ON Tramo.estado_Estado = Estado.estado WHERE idInicial = 5 AND idFinal = 6)*(SELECT valorDouble FROM ParametroDouble WHERE nombre_Parametro = "precioKm")*(SELECT ROUND(SUM(multiplicador)-(COUNT(*)-1), 2) FROM Caracteristica WHERE numero_Unidad = 2), 2)),
(17, 1, 6, 7, 6, 2, "06:00", "07:00", "precioKm", ROUND((SELECT distancia FROM Tramo WHERE idInicial = 6 AND idFinal = 7)*(SELECT multiplicador FROM Tramo INNER JOIN Estado ON Tramo.estado_Estado = Estado.estado WHERE idInicial = 6 AND idFinal = 7)*(SELECT valorDouble FROM ParametroDouble WHERE nombre_Parametro = "precioKm")*(SELECT ROUND(SUM(multiplicador)-(COUNT(*)-1), 2) FROM Caracteristica WHERE numero_Unidad = 2), 2)),
(17, 1, 7, 8, 7, 2, "06:00", "07:00", "precioKm", ROUND((SELECT distancia FROM Tramo WHERE idInicial = 7 AND idFinal = 8)*(SELECT multiplicador FROM Tramo INNER JOIN Estado ON Tramo.estado_Estado = Estado.estado WHERE idInicial = 7 AND idFinal = 8)*(SELECT valorDouble FROM ParametroDouble WHERE nombre_Parametro = "precioKm")*(SELECT ROUND(SUM(multiplicador)-(COUNT(*)-1), 2) FROM Caracteristica WHERE numero_Unidad = 2), 2)),
(17, 1, 8, 9, 8, 2, "06:00", "07:00", "precioKm", ROUND((SELECT distancia FROM Tramo WHERE idInicial = 8 AND idFinal = 9)*(SELECT multiplicador FROM Tramo INNER JOIN Estado ON Tramo.estado_Estado = Estado.estado WHERE idInicial = 8 AND idFinal = 9)*(SELECT valorDouble FROM ParametroDouble WHERE nombre_Parametro = "precioKm")*(SELECT ROUND(SUM(multiplicador)-(COUNT(*)-1), 2) FROM Caracteristica WHERE numero_Unidad = 2), 2)),
(17, 1, 9, 10, 9, 2, "06:00", "07:00", "precioKm", ROUND((SELECT distancia FROM Tramo WHERE idInicial = 9 AND idFinal = 10)*(SELECT multiplicador FROM Tramo INNER JOIN Estado ON Tramo.estado_Estado = Estado.estado WHERE idInicial = 9 AND idFinal = 10)*(SELECT valorDouble FROM ParametroDouble WHERE nombre_Parametro = "precioKm")*(SELECT ROUND(SUM(multiplicador)-(COUNT(*)-1), 2) FROM Caracteristica WHERE numero_Unidad = 2), 2)),
(17, 1, 10, 11, 10, 2, "06:00", "07:00", "precioKm", ROUND((SELECT distancia FROM Tramo WHERE idInicial = 10  AND idFinal = 11)*(SELECT multiplicador FROM Tramo INNER JOIN Estado ON Tramo.estado_Estado = Estado.estado WHERE idInicial = 10 AND idFinal = 11)*(SELECT valorDouble FROM ParametroDouble WHERE nombre_Parametro = "precioKm")*(SELECT ROUND(SUM(multiplicador)-(COUNT(*)-1), 2) FROM Caracteristica WHERE numero_Unidad = 2), 2)),

(18, 1, 1, 2, 1, 2, "06:00", "07:00", "precioKm", ROUND((SELECT distancia FROM Tramo WHERE idInicial = 1 AND idFinal = 2)*(SELECT multiplicador FROM Tramo INNER JOIN Estado ON Tramo.estado_Estado = Estado.estado WHERE idInicial = 1 AND idFinal = 2)*(SELECT valorDouble FROM ParametroDouble WHERE nombre_Parametro = "precioKm")*(SELECT ROUND(SUM(multiplicador)-(COUNT(*)-1), 2) FROM Caracteristica WHERE numero_Unidad = 2), 2)),
(18, 1, 2, 3, 2, 2, "06:00", "07:00", "precioKm", ROUND((SELECT distancia FROM Tramo WHERE idInicial = 2 AND idFinal = 3)*(SELECT multiplicador FROM Tramo INNER JOIN Estado ON Tramo.estado_Estado = Estado.estado WHERE idInicial = 2 AND idFinal = 3)*(SELECT valorDouble FROM ParametroDouble WHERE nombre_Parametro = "precioKm")*(SELECT ROUND(SUM(multiplicador)-(COUNT(*)-1), 2) FROM Caracteristica WHERE numero_Unidad = 2), 2)),
(18, 1, 3, 4, 3, 2, "06:00", "07:00", "precioKm", ROUND((SELECT distancia FROM Tramo WHERE idInicial = 3 AND idFinal = 4)*(SELECT multiplicador FROM Tramo INNER JOIN Estado ON Tramo.estado_Estado = Estado.estado WHERE idInicial = 3 AND idFinal = 4)*(SELECT valorDouble FROM ParametroDouble WHERE nombre_Parametro = "precioKm")*(SELECT ROUND(SUM(multiplicador)-(COUNT(*)-1), 2) FROM Caracteristica WHERE numero_Unidad = 2), 2)),
(18, 1, 4, 5, 4, 2, "06:00", "07:00", "precioKm", ROUND((SELECT distancia FROM Tramo WHERE idInicial = 4 AND idFinal = 5)*(SELECT multiplicador FROM Tramo INNER JOIN Estado ON Tramo.estado_Estado = Estado.estado WHERE idInicial = 4 AND idFinal = 5)*(SELECT valorDouble FROM ParametroDouble WHERE nombre_Parametro = "precioKm")*(SELECT ROUND(SUM(multiplicador)-(COUNT(*)-1), 2) FROM Caracteristica WHERE numero_Unidad = 2), 2)),
(18, 1, 5, 6, 5, 2, "06:00", "07:00", "precioKm", ROUND((SELECT distancia FROM Tramo WHERE idInicial = 5 AND idFinal = 6)*(SELECT multiplicador FROM Tramo INNER JOIN Estado ON Tramo.estado_Estado = Estado.estado WHERE idInicial = 5 AND idFinal = 6)*(SELECT valorDouble FROM ParametroDouble WHERE nombre_Parametro = "precioKm")*(SELECT ROUND(SUM(multiplicador)-(COUNT(*)-1), 2) FROM Caracteristica WHERE numero_Unidad = 2), 2)),
(18, 1, 6, 7, 6, 2, "06:00", "07:00", "precioKm", ROUND((SELECT distancia FROM Tramo WHERE idInicial = 6 AND idFinal = 7)*(SELECT multiplicador FROM Tramo INNER JOIN Estado ON Tramo.estado_Estado = Estado.estado WHERE idInicial = 6 AND idFinal = 7)*(SELECT valorDouble FROM ParametroDouble WHERE nombre_Parametro = "precioKm")*(SELECT ROUND(SUM(multiplicador)-(COUNT(*)-1), 2) FROM Caracteristica WHERE numero_Unidad = 2), 2)),
(18, 1, 7, 8, 7, 2, "06:00", "07:00", "precioKm", ROUND((SELECT distancia FROM Tramo WHERE idInicial = 7 AND idFinal = 8)*(SELECT multiplicador FROM Tramo INNER JOIN Estado ON Tramo.estado_Estado = Estado.estado WHERE idInicial = 7 AND idFinal = 8)*(SELECT valorDouble FROM ParametroDouble WHERE nombre_Parametro = "precioKm")*(SELECT ROUND(SUM(multiplicador)-(COUNT(*)-1), 2) FROM Caracteristica WHERE numero_Unidad = 2), 2)),
(18, 1, 8, 9, 8, 2, "06:00", "07:00", "precioKm", ROUND((SELECT distancia FROM Tramo WHERE idInicial = 8 AND idFinal = 9)*(SELECT multiplicador FROM Tramo INNER JOIN Estado ON Tramo.estado_Estado = Estado.estado WHERE idInicial = 8 AND idFinal = 9)*(SELECT valorDouble FROM ParametroDouble WHERE nombre_Parametro = "precioKm")*(SELECT ROUND(SUM(multiplicador)-(COUNT(*)-1), 2) FROM Caracteristica WHERE numero_Unidad = 2), 2)),
(18, 1, 9, 10, 9, 2, "06:00", "07:00", "precioKm", ROUND((SELECT distancia FROM Tramo WHERE idInicial = 9 AND idFinal = 10)*(SELECT multiplicador FROM Tramo INNER JOIN Estado ON Tramo.estado_Estado = Estado.estado WHERE idInicial = 9 AND idFinal = 10)*(SELECT valorDouble FROM ParametroDouble WHERE nombre_Parametro = "precioKm")*(SELECT ROUND(SUM(multiplicador)-(COUNT(*)-1), 2) FROM Caracteristica WHERE numero_Unidad = 2), 2)),
(18, 1, 10, 11, 10, 2, "06:00", "07:00", "precioKm", ROUND((SELECT distancia FROM Tramo WHERE idInicial = 10  AND idFinal = 11)*(SELECT multiplicador FROM Tramo INNER JOIN Estado ON Tramo.estado_Estado = Estado.estado WHERE idInicial = 10 AND idFinal = 11)*(SELECT valorDouble FROM ParametroDouble WHERE nombre_Parametro = "precioKm")*(SELECT ROUND(SUM(multiplicador)-(COUNT(*)-1), 2) FROM Caracteristica WHERE numero_Unidad = 2), 2)),

(19, 1, 1, 2, 1, 2, "06:00", "07:00", "precioKm", ROUND((SELECT distancia FROM Tramo WHERE idInicial = 1 AND idFinal = 2)*(SELECT multiplicador FROM Tramo INNER JOIN Estado ON Tramo.estado_Estado = Estado.estado WHERE idInicial = 1 AND idFinal = 2)*(SELECT valorDouble FROM ParametroDouble WHERE nombre_Parametro = "precioKm")*(SELECT ROUND(SUM(multiplicador)-(COUNT(*)-1), 2) FROM Caracteristica WHERE numero_Unidad = 2), 2)),
(19, 1, 2, 3, 2, 2, "06:00", "07:00", "precioKm", ROUND((SELECT distancia FROM Tramo WHERE idInicial = 2 AND idFinal = 3)*(SELECT multiplicador FROM Tramo INNER JOIN Estado ON Tramo.estado_Estado = Estado.estado WHERE idInicial = 2 AND idFinal = 3)*(SELECT valorDouble FROM ParametroDouble WHERE nombre_Parametro = "precioKm")*(SELECT ROUND(SUM(multiplicador)-(COUNT(*)-1), 2) FROM Caracteristica WHERE numero_Unidad = 2), 2)),
(19, 1, 3, 4, 3, 2, "06:00", "07:00", "precioKm", ROUND((SELECT distancia FROM Tramo WHERE idInicial = 3 AND idFinal = 4)*(SELECT multiplicador FROM Tramo INNER JOIN Estado ON Tramo.estado_Estado = Estado.estado WHERE idInicial = 3 AND idFinal = 4)*(SELECT valorDouble FROM ParametroDouble WHERE nombre_Parametro = "precioKm")*(SELECT ROUND(SUM(multiplicador)-(COUNT(*)-1), 2) FROM Caracteristica WHERE numero_Unidad = 2), 2)),
(19, 1, 4, 5, 4, 2, "06:00", "07:00", "precioKm", ROUND((SELECT distancia FROM Tramo WHERE idInicial = 4 AND idFinal = 5)*(SELECT multiplicador FROM Tramo INNER JOIN Estado ON Tramo.estado_Estado = Estado.estado WHERE idInicial = 4 AND idFinal = 5)*(SELECT valorDouble FROM ParametroDouble WHERE nombre_Parametro = "precioKm")*(SELECT ROUND(SUM(multiplicador)-(COUNT(*)-1), 2) FROM Caracteristica WHERE numero_Unidad = 2), 2)),
(19, 1, 5, 6, 5, 2, "06:00", "07:00", "precioKm", ROUND((SELECT distancia FROM Tramo WHERE idInicial = 5 AND idFinal = 6)*(SELECT multiplicador FROM Tramo INNER JOIN Estado ON Tramo.estado_Estado = Estado.estado WHERE idInicial = 5 AND idFinal = 6)*(SELECT valorDouble FROM ParametroDouble WHERE nombre_Parametro = "precioKm")*(SELECT ROUND(SUM(multiplicador)-(COUNT(*)-1), 2) FROM Caracteristica WHERE numero_Unidad = 2), 2)),
(19, 1, 6, 7, 6, 2, "06:00", "07:00", "precioKm", ROUND((SELECT distancia FROM Tramo WHERE idInicial = 6 AND idFinal = 7)*(SELECT multiplicador FROM Tramo INNER JOIN Estado ON Tramo.estado_Estado = Estado.estado WHERE idInicial = 6 AND idFinal = 7)*(SELECT valorDouble FROM ParametroDouble WHERE nombre_Parametro = "precioKm")*(SELECT ROUND(SUM(multiplicador)-(COUNT(*)-1), 2) FROM Caracteristica WHERE numero_Unidad = 2), 2)),
(19, 1, 7, 8, 7, 2, "06:00", "07:00", "precioKm", ROUND((SELECT distancia FROM Tramo WHERE idInicial = 7 AND idFinal = 8)*(SELECT multiplicador FROM Tramo INNER JOIN Estado ON Tramo.estado_Estado = Estado.estado WHERE idInicial = 7 AND idFinal = 8)*(SELECT valorDouble FROM ParametroDouble WHERE nombre_Parametro = "precioKm")*(SELECT ROUND(SUM(multiplicador)-(COUNT(*)-1), 2) FROM Caracteristica WHERE numero_Unidad = 2), 2)),
(19, 1, 8, 9, 8, 2, "06:00", "07:00", "precioKm", ROUND((SELECT distancia FROM Tramo WHERE idInicial = 8 AND idFinal = 9)*(SELECT multiplicador FROM Tramo INNER JOIN Estado ON Tramo.estado_Estado = Estado.estado WHERE idInicial = 8 AND idFinal = 9)*(SELECT valorDouble FROM ParametroDouble WHERE nombre_Parametro = "precioKm")*(SELECT ROUND(SUM(multiplicador)-(COUNT(*)-1), 2) FROM Caracteristica WHERE numero_Unidad = 2), 2)),
(19, 1, 9, 10, 9, 2, "06:00", "07:00", "precioKm", ROUND((SELECT distancia FROM Tramo WHERE idInicial = 9 AND idFinal = 10)*(SELECT multiplicador FROM Tramo INNER JOIN Estado ON Tramo.estado_Estado = Estado.estado WHERE idInicial = 9 AND idFinal = 10)*(SELECT valorDouble FROM ParametroDouble WHERE nombre_Parametro = "precioKm")*(SELECT ROUND(SUM(multiplicador)-(COUNT(*)-1), 2) FROM Caracteristica WHERE numero_Unidad = 2), 2)),
(19, 1, 10, 11, 10, 2, "06:00", "07:00", "precioKm", ROUND((SELECT distancia FROM Tramo WHERE idInicial = 10  AND idFinal = 11)*(SELECT multiplicador FROM Tramo INNER JOIN Estado ON Tramo.estado_Estado = Estado.estado WHERE idInicial = 10 AND idFinal = 11)*(SELECT valorDouble FROM ParametroDouble WHERE nombre_Parametro = "precioKm")*(SELECT ROUND(SUM(multiplicador)-(COUNT(*)-1), 2) FROM Caracteristica WHERE numero_Unidad = 2), 2)),

(20, 1, 1, 2, 1, 2, "06:00", "07:00", "precioKm", ROUND((SELECT distancia FROM Tramo WHERE idInicial = 1 AND idFinal = 2)*(SELECT multiplicador FROM Tramo INNER JOIN Estado ON Tramo.estado_Estado = Estado.estado WHERE idInicial = 1 AND idFinal = 2)*(SELECT valorDouble FROM ParametroDouble WHERE nombre_Parametro = "precioKm")*(SELECT ROUND(SUM(multiplicador)-(COUNT(*)-1), 2) FROM Caracteristica WHERE numero_Unidad = 2), 2)),
(20, 1, 2, 3, 2, 2, "06:00", "07:00", "precioKm", ROUND((SELECT distancia FROM Tramo WHERE idInicial = 2 AND idFinal = 3)*(SELECT multiplicador FROM Tramo INNER JOIN Estado ON Tramo.estado_Estado = Estado.estado WHERE idInicial = 2 AND idFinal = 3)*(SELECT valorDouble FROM ParametroDouble WHERE nombre_Parametro = "precioKm")*(SELECT ROUND(SUM(multiplicador)-(COUNT(*)-1), 2) FROM Caracteristica WHERE numero_Unidad = 2), 2)),
(20, 1, 3, 4, 3, 2, "06:00", "07:00", "precioKm", ROUND((SELECT distancia FROM Tramo WHERE idInicial = 3 AND idFinal = 4)*(SELECT multiplicador FROM Tramo INNER JOIN Estado ON Tramo.estado_Estado = Estado.estado WHERE idInicial = 3 AND idFinal = 4)*(SELECT valorDouble FROM ParametroDouble WHERE nombre_Parametro = "precioKm")*(SELECT ROUND(SUM(multiplicador)-(COUNT(*)-1), 2) FROM Caracteristica WHERE numero_Unidad = 2), 2)),
(20, 1, 4, 5, 4, 2, "06:00", "07:00", "precioKm", ROUND((SELECT distancia FROM Tramo WHERE idInicial = 4 AND idFinal = 5)*(SELECT multiplicador FROM Tramo INNER JOIN Estado ON Tramo.estado_Estado = Estado.estado WHERE idInicial = 4 AND idFinal = 5)*(SELECT valorDouble FROM ParametroDouble WHERE nombre_Parametro = "precioKm")*(SELECT ROUND(SUM(multiplicador)-(COUNT(*)-1), 2) FROM Caracteristica WHERE numero_Unidad = 2), 2)),
(20, 1, 5, 6, 5, 2, "06:00", "07:00", "precioKm", ROUND((SELECT distancia FROM Tramo WHERE idInicial = 5 AND idFinal = 6)*(SELECT multiplicador FROM Tramo INNER JOIN Estado ON Tramo.estado_Estado = Estado.estado WHERE idInicial = 5 AND idFinal = 6)*(SELECT valorDouble FROM ParametroDouble WHERE nombre_Parametro = "precioKm")*(SELECT ROUND(SUM(multiplicador)-(COUNT(*)-1), 2) FROM Caracteristica WHERE numero_Unidad = 2), 2)),
(20, 1, 6, 7, 6, 2, "06:00", "07:00", "precioKm", ROUND((SELECT distancia FROM Tramo WHERE idInicial = 6 AND idFinal = 7)*(SELECT multiplicador FROM Tramo INNER JOIN Estado ON Tramo.estado_Estado = Estado.estado WHERE idInicial = 6 AND idFinal = 7)*(SELECT valorDouble FROM ParametroDouble WHERE nombre_Parametro = "precioKm")*(SELECT ROUND(SUM(multiplicador)-(COUNT(*)-1), 2) FROM Caracteristica WHERE numero_Unidad = 2), 2)),
(20, 1, 7, 8, 7, 2, "06:00", "07:00", "precioKm", ROUND((SELECT distancia FROM Tramo WHERE idInicial = 7 AND idFinal = 8)*(SELECT multiplicador FROM Tramo INNER JOIN Estado ON Tramo.estado_Estado = Estado.estado WHERE idInicial = 7 AND idFinal = 8)*(SELECT valorDouble FROM ParametroDouble WHERE nombre_Parametro = "precioKm")*(SELECT ROUND(SUM(multiplicador)-(COUNT(*)-1), 2) FROM Caracteristica WHERE numero_Unidad = 2), 2)),
(20, 1, 8, 9, 8, 2, "06:00", "07:00", "precioKm", ROUND((SELECT distancia FROM Tramo WHERE idInicial = 8 AND idFinal = 9)*(SELECT multiplicador FROM Tramo INNER JOIN Estado ON Tramo.estado_Estado = Estado.estado WHERE idInicial = 8 AND idFinal = 9)*(SELECT valorDouble FROM ParametroDouble WHERE nombre_Parametro = "precioKm")*(SELECT ROUND(SUM(multiplicador)-(COUNT(*)-1), 2) FROM Caracteristica WHERE numero_Unidad = 2), 2)),
(20, 1, 9, 10, 9, 2, "06:00", "07:00", "precioKm", ROUND((SELECT distancia FROM Tramo WHERE idInicial = 9 AND idFinal = 10)*(SELECT multiplicador FROM Tramo INNER JOIN Estado ON Tramo.estado_Estado = Estado.estado WHERE idInicial = 9 AND idFinal = 10)*(SELECT valorDouble FROM ParametroDouble WHERE nombre_Parametro = "precioKm")*(SELECT ROUND(SUM(multiplicador)-(COUNT(*)-1), 2) FROM Caracteristica WHERE numero_Unidad = 2), 2)),
(20, 1, 10, 11, 10, 2, "06:00", "07:00", "precioKm", ROUND((SELECT distancia FROM Tramo WHERE idInicial = 10  AND idFinal = 11)*(SELECT multiplicador FROM Tramo INNER JOIN Estado ON Tramo.estado_Estado = Estado.estado WHERE idInicial = 10 AND idFinal = 11)*(SELECT valorDouble FROM ParametroDouble WHERE nombre_Parametro = "precioKm")*(SELECT ROUND(SUM(multiplicador)-(COUNT(*)-1), 2) FROM Caracteristica WHERE numero_Unidad = 2), 2)),

(21, 1, 1, 2, 1, 2, "06:00", "07:00", "precioKm", ROUND((SELECT distancia FROM Tramo WHERE idInicial = 1 AND idFinal = 2)*(SELECT multiplicador FROM Tramo INNER JOIN Estado ON Tramo.estado_Estado = Estado.estado WHERE idInicial = 1 AND idFinal = 2)*(SELECT valorDouble FROM ParametroDouble WHERE nombre_Parametro = "precioKm")*(SELECT ROUND(SUM(multiplicador)-(COUNT(*)-1), 2) FROM Caracteristica WHERE numero_Unidad = 2), 2)),
(21, 1, 2, 3, 2, 2, "06:00", "07:00", "precioKm", ROUND((SELECT distancia FROM Tramo WHERE idInicial = 2 AND idFinal = 3)*(SELECT multiplicador FROM Tramo INNER JOIN Estado ON Tramo.estado_Estado = Estado.estado WHERE idInicial = 2 AND idFinal = 3)*(SELECT valorDouble FROM ParametroDouble WHERE nombre_Parametro = "precioKm")*(SELECT ROUND(SUM(multiplicador)-(COUNT(*)-1), 2) FROM Caracteristica WHERE numero_Unidad = 2), 2)),
(21, 1, 3, 4, 3, 2, "06:00", "07:00", "precioKm", ROUND((SELECT distancia FROM Tramo WHERE idInicial = 3 AND idFinal = 4)*(SELECT multiplicador FROM Tramo INNER JOIN Estado ON Tramo.estado_Estado = Estado.estado WHERE idInicial = 3 AND idFinal = 4)*(SELECT valorDouble FROM ParametroDouble WHERE nombre_Parametro = "precioKm")*(SELECT ROUND(SUM(multiplicador)-(COUNT(*)-1), 2) FROM Caracteristica WHERE numero_Unidad = 2), 2)),
(21, 1, 4, 5, 4, 2, "06:00", "07:00", "precioKm", ROUND((SELECT distancia FROM Tramo WHERE idInicial = 4 AND idFinal = 5)*(SELECT multiplicador FROM Tramo INNER JOIN Estado ON Tramo.estado_Estado = Estado.estado WHERE idInicial = 4 AND idFinal = 5)*(SELECT valorDouble FROM ParametroDouble WHERE nombre_Parametro = "precioKm")*(SELECT ROUND(SUM(multiplicador)-(COUNT(*)-1), 2) FROM Caracteristica WHERE numero_Unidad = 2), 2)),
(21, 1, 5, 6, 5, 2, "06:00", "07:00", "precioKm", ROUND((SELECT distancia FROM Tramo WHERE idInicial = 5 AND idFinal = 6)*(SELECT multiplicador FROM Tramo INNER JOIN Estado ON Tramo.estado_Estado = Estado.estado WHERE idInicial = 5 AND idFinal = 6)*(SELECT valorDouble FROM ParametroDouble WHERE nombre_Parametro = "precioKm")*(SELECT ROUND(SUM(multiplicador)-(COUNT(*)-1), 2) FROM Caracteristica WHERE numero_Unidad = 2), 2)),
(21, 1, 6, 7, 6, 2, "06:00", "07:00", "precioKm", ROUND((SELECT distancia FROM Tramo WHERE idInicial = 6 AND idFinal = 7)*(SELECT multiplicador FROM Tramo INNER JOIN Estado ON Tramo.estado_Estado = Estado.estado WHERE idInicial = 6 AND idFinal = 7)*(SELECT valorDouble FROM ParametroDouble WHERE nombre_Parametro = "precioKm")*(SELECT ROUND(SUM(multiplicador)-(COUNT(*)-1), 2) FROM Caracteristica WHERE numero_Unidad = 2), 2)),
(21, 1, 7, 8, 7, 2, "06:00", "07:00", "precioKm", ROUND((SELECT distancia FROM Tramo WHERE idInicial = 7 AND idFinal = 8)*(SELECT multiplicador FROM Tramo INNER JOIN Estado ON Tramo.estado_Estado = Estado.estado WHERE idInicial = 7 AND idFinal = 8)*(SELECT valorDouble FROM ParametroDouble WHERE nombre_Parametro = "precioKm")*(SELECT ROUND(SUM(multiplicador)-(COUNT(*)-1), 2) FROM Caracteristica WHERE numero_Unidad = 2), 2)),
(21, 1, 8, 9, 8, 2, "06:00", "07:00", "precioKm", ROUND((SELECT distancia FROM Tramo WHERE idInicial = 8 AND idFinal = 9)*(SELECT multiplicador FROM Tramo INNER JOIN Estado ON Tramo.estado_Estado = Estado.estado WHERE idInicial = 8 AND idFinal = 9)*(SELECT valorDouble FROM ParametroDouble WHERE nombre_Parametro = "precioKm")*(SELECT ROUND(SUM(multiplicador)-(COUNT(*)-1), 2) FROM Caracteristica WHERE numero_Unidad = 2), 2)),
(21, 1, 9, 10, 9, 2, "06:00", "07:00", "precioKm", ROUND((SELECT distancia FROM Tramo WHERE idInicial = 9 AND idFinal = 10)*(SELECT multiplicador FROM Tramo INNER JOIN Estado ON Tramo.estado_Estado = Estado.estado WHERE idInicial = 9 AND idFinal = 10)*(SELECT valorDouble FROM ParametroDouble WHERE nombre_Parametro = "precioKm")*(SELECT ROUND(SUM(multiplicador)-(COUNT(*)-1), 2) FROM Caracteristica WHERE numero_Unidad = 2), 2)),
(21, 1, 10, 11, 10, 2, "06:00", "07:00", "precioKm", ROUND((SELECT distancia FROM Tramo WHERE idInicial = 10  AND idFinal = 11)*(SELECT multiplicador FROM Tramo INNER JOIN Estado ON Tramo.estado_Estado = Estado.estado WHERE idInicial = 10 AND idFinal = 11)*(SELECT valorDouble FROM ParametroDouble WHERE nombre_Parametro = "precioKm")*(SELECT ROUND(SUM(multiplicador)-(COUNT(*)-1), 2) FROM Caracteristica WHERE numero_Unidad = 2), 2)),

(22, 1, 1, 2, 1, 2, "06:00", "07:00", "precioKm", ROUND((SELECT distancia FROM Tramo WHERE idInicial = 1 AND idFinal = 2)*(SELECT multiplicador FROM Tramo INNER JOIN Estado ON Tramo.estado_Estado = Estado.estado WHERE idInicial = 1 AND idFinal = 2)*(SELECT valorDouble FROM ParametroDouble WHERE nombre_Parametro = "precioKm")*(SELECT ROUND(SUM(multiplicador)-(COUNT(*)-1), 2) FROM Caracteristica WHERE numero_Unidad = 2), 2)),
(22, 1, 2, 3, 2, 2, "06:00", "07:00", "precioKm", ROUND((SELECT distancia FROM Tramo WHERE idInicial = 2 AND idFinal = 3)*(SELECT multiplicador FROM Tramo INNER JOIN Estado ON Tramo.estado_Estado = Estado.estado WHERE idInicial = 2 AND idFinal = 3)*(SELECT valorDouble FROM ParametroDouble WHERE nombre_Parametro = "precioKm")*(SELECT ROUND(SUM(multiplicador)-(COUNT(*)-1), 2) FROM Caracteristica WHERE numero_Unidad = 2), 2)),
(22, 1, 3, 4, 3, 2, "06:00", "07:00", "precioKm", ROUND((SELECT distancia FROM Tramo WHERE idInicial = 3 AND idFinal = 4)*(SELECT multiplicador FROM Tramo INNER JOIN Estado ON Tramo.estado_Estado = Estado.estado WHERE idInicial = 3 AND idFinal = 4)*(SELECT valorDouble FROM ParametroDouble WHERE nombre_Parametro = "precioKm")*(SELECT ROUND(SUM(multiplicador)-(COUNT(*)-1), 2) FROM Caracteristica WHERE numero_Unidad = 2), 2)),
(22, 1, 4, 5, 4, 2, "06:00", "07:00", "precioKm", ROUND((SELECT distancia FROM Tramo WHERE idInicial = 4 AND idFinal = 5)*(SELECT multiplicador FROM Tramo INNER JOIN Estado ON Tramo.estado_Estado = Estado.estado WHERE idInicial = 4 AND idFinal = 5)*(SELECT valorDouble FROM ParametroDouble WHERE nombre_Parametro = "precioKm")*(SELECT ROUND(SUM(multiplicador)-(COUNT(*)-1), 2) FROM Caracteristica WHERE numero_Unidad = 2), 2)),
(22, 1, 5, 6, 5, 2, "06:00", "07:00", "precioKm", ROUND((SELECT distancia FROM Tramo WHERE idInicial = 5 AND idFinal = 6)*(SELECT multiplicador FROM Tramo INNER JOIN Estado ON Tramo.estado_Estado = Estado.estado WHERE idInicial = 5 AND idFinal = 6)*(SELECT valorDouble FROM ParametroDouble WHERE nombre_Parametro = "precioKm")*(SELECT ROUND(SUM(multiplicador)-(COUNT(*)-1), 2) FROM Caracteristica WHERE numero_Unidad = 2), 2)),
(22, 1, 6, 7, 6, 2, "06:00", "07:00", "precioKm", ROUND((SELECT distancia FROM Tramo WHERE idInicial = 6 AND idFinal = 7)*(SELECT multiplicador FROM Tramo INNER JOIN Estado ON Tramo.estado_Estado = Estado.estado WHERE idInicial = 6 AND idFinal = 7)*(SELECT valorDouble FROM ParametroDouble WHERE nombre_Parametro = "precioKm")*(SELECT ROUND(SUM(multiplicador)-(COUNT(*)-1), 2) FROM Caracteristica WHERE numero_Unidad = 2), 2)),
(22, 1, 7, 8, 7, 2, "06:00", "07:00", "precioKm", ROUND((SELECT distancia FROM Tramo WHERE idInicial = 7 AND idFinal = 8)*(SELECT multiplicador FROM Tramo INNER JOIN Estado ON Tramo.estado_Estado = Estado.estado WHERE idInicial = 7 AND idFinal = 8)*(SELECT valorDouble FROM ParametroDouble WHERE nombre_Parametro = "precioKm")*(SELECT ROUND(SUM(multiplicador)-(COUNT(*)-1), 2) FROM Caracteristica WHERE numero_Unidad = 2), 2)),
(22, 1, 8, 9, 8, 2, "06:00", "07:00", "precioKm", ROUND((SELECT distancia FROM Tramo WHERE idInicial = 8 AND idFinal = 9)*(SELECT multiplicador FROM Tramo INNER JOIN Estado ON Tramo.estado_Estado = Estado.estado WHERE idInicial = 8 AND idFinal = 9)*(SELECT valorDouble FROM ParametroDouble WHERE nombre_Parametro = "precioKm")*(SELECT ROUND(SUM(multiplicador)-(COUNT(*)-1), 2) FROM Caracteristica WHERE numero_Unidad = 2), 2)),
(22, 1, 9, 10, 9, 2, "06:00", "07:00", "precioKm", ROUND((SELECT distancia FROM Tramo WHERE idInicial = 9 AND idFinal = 10)*(SELECT multiplicador FROM Tramo INNER JOIN Estado ON Tramo.estado_Estado = Estado.estado WHERE idInicial = 9 AND idFinal = 10)*(SELECT valorDouble FROM ParametroDouble WHERE nombre_Parametro = "precioKm")*(SELECT ROUND(SUM(multiplicador)-(COUNT(*)-1), 2) FROM Caracteristica WHERE numero_Unidad = 2), 2)),
(22, 1, 10, 11, 10, 2, "06:00", "07:00", "precioKm", ROUND((SELECT distancia FROM Tramo WHERE idInicial = 10  AND idFinal = 11)*(SELECT multiplicador FROM Tramo INNER JOIN Estado ON Tramo.estado_Estado = Estado.estado WHERE idInicial = 10 AND idFinal = 11)*(SELECT valorDouble FROM ParametroDouble WHERE nombre_Parametro = "precioKm")*(SELECT ROUND(SUM(multiplicador)-(COUNT(*)-1), 2) FROM Caracteristica WHERE numero_Unidad = 2), 2)),

(23, 1, 1, 2, 1, 2, "06:00", "07:00", "precioKm", ROUND((SELECT distancia FROM Tramo WHERE idInicial = 1 AND idFinal = 2)*(SELECT multiplicador FROM Tramo INNER JOIN Estado ON Tramo.estado_Estado = Estado.estado WHERE idInicial = 1 AND idFinal = 2)*(SELECT valorDouble FROM ParametroDouble WHERE nombre_Parametro = "precioKm")*(SELECT ROUND(SUM(multiplicador)-(COUNT(*)-1), 2) FROM Caracteristica WHERE numero_Unidad = 2), 2)),
(23, 1, 2, 3, 2, 2, "06:00", "07:00", "precioKm", ROUND((SELECT distancia FROM Tramo WHERE idInicial = 2 AND idFinal = 3)*(SELECT multiplicador FROM Tramo INNER JOIN Estado ON Tramo.estado_Estado = Estado.estado WHERE idInicial = 2 AND idFinal = 3)*(SELECT valorDouble FROM ParametroDouble WHERE nombre_Parametro = "precioKm")*(SELECT ROUND(SUM(multiplicador)-(COUNT(*)-1), 2) FROM Caracteristica WHERE numero_Unidad = 2), 2)),
(23, 1, 3, 4, 3, 2, "06:00", "07:00", "precioKm", ROUND((SELECT distancia FROM Tramo WHERE idInicial = 3 AND idFinal = 4)*(SELECT multiplicador FROM Tramo INNER JOIN Estado ON Tramo.estado_Estado = Estado.estado WHERE idInicial = 3 AND idFinal = 4)*(SELECT valorDouble FROM ParametroDouble WHERE nombre_Parametro = "precioKm")*(SELECT ROUND(SUM(multiplicador)-(COUNT(*)-1), 2) FROM Caracteristica WHERE numero_Unidad = 2), 2)),
(23, 1, 4, 5, 4, 2, "06:00", "07:00", "precioKm", ROUND((SELECT distancia FROM Tramo WHERE idInicial = 4 AND idFinal = 5)*(SELECT multiplicador FROM Tramo INNER JOIN Estado ON Tramo.estado_Estado = Estado.estado WHERE idInicial = 4 AND idFinal = 5)*(SELECT valorDouble FROM ParametroDouble WHERE nombre_Parametro = "precioKm")*(SELECT ROUND(SUM(multiplicador)-(COUNT(*)-1), 2) FROM Caracteristica WHERE numero_Unidad = 2), 2)),
(23, 1, 5, 6, 5, 2, "06:00", "07:00", "precioKm", ROUND((SELECT distancia FROM Tramo WHERE idInicial = 5 AND idFinal = 6)*(SELECT multiplicador FROM Tramo INNER JOIN Estado ON Tramo.estado_Estado = Estado.estado WHERE idInicial = 5 AND idFinal = 6)*(SELECT valorDouble FROM ParametroDouble WHERE nombre_Parametro = "precioKm")*(SELECT ROUND(SUM(multiplicador)-(COUNT(*)-1), 2) FROM Caracteristica WHERE numero_Unidad = 2), 2)),
(23, 1, 6, 7, 6, 2, "06:00", "07:00", "precioKm", ROUND((SELECT distancia FROM Tramo WHERE idInicial = 6 AND idFinal = 7)*(SELECT multiplicador FROM Tramo INNER JOIN Estado ON Tramo.estado_Estado = Estado.estado WHERE idInicial = 6 AND idFinal = 7)*(SELECT valorDouble FROM ParametroDouble WHERE nombre_Parametro = "precioKm")*(SELECT ROUND(SUM(multiplicador)-(COUNT(*)-1), 2) FROM Caracteristica WHERE numero_Unidad = 2), 2)),
(23, 1, 7, 8, 7, 2, "06:00", "07:00", "precioKm", ROUND((SELECT distancia FROM Tramo WHERE idInicial = 7 AND idFinal = 8)*(SELECT multiplicador FROM Tramo INNER JOIN Estado ON Tramo.estado_Estado = Estado.estado WHERE idInicial = 7 AND idFinal = 8)*(SELECT valorDouble FROM ParametroDouble WHERE nombre_Parametro = "precioKm")*(SELECT ROUND(SUM(multiplicador)-(COUNT(*)-1), 2) FROM Caracteristica WHERE numero_Unidad = 2), 2)),
(23, 1, 8, 9, 8, 2, "06:00", "07:00", "precioKm", ROUND((SELECT distancia FROM Tramo WHERE idInicial = 8 AND idFinal = 9)*(SELECT multiplicador FROM Tramo INNER JOIN Estado ON Tramo.estado_Estado = Estado.estado WHERE idInicial = 8 AND idFinal = 9)*(SELECT valorDouble FROM ParametroDouble WHERE nombre_Parametro = "precioKm")*(SELECT ROUND(SUM(multiplicador)-(COUNT(*)-1), 2) FROM Caracteristica WHERE numero_Unidad = 2), 2)),
(23, 1, 9, 10, 9, 2, "06:00", "07:00", "precioKm", ROUND((SELECT distancia FROM Tramo WHERE idInicial = 9 AND idFinal = 10)*(SELECT multiplicador FROM Tramo INNER JOIN Estado ON Tramo.estado_Estado = Estado.estado WHERE idInicial = 9 AND idFinal = 10)*(SELECT valorDouble FROM ParametroDouble WHERE nombre_Parametro = "precioKm")*(SELECT ROUND(SUM(multiplicador)-(COUNT(*)-1), 2) FROM Caracteristica WHERE numero_Unidad = 2), 2)),
(23, 1, 10, 11, 10, 2, "06:00", "07:00", "precioKm", ROUND((SELECT distancia FROM Tramo WHERE idInicial = 10  AND idFinal = 11)*(SELECT multiplicador FROM Tramo INNER JOIN Estado ON Tramo.estado_Estado = Estado.estado WHERE idInicial = 10 AND idFinal = 11)*(SELECT valorDouble FROM ParametroDouble WHERE nombre_Parametro = "precioKm")*(SELECT ROUND(SUM(multiplicador)-(COUNT(*)-1), 2) FROM Caracteristica WHERE numero_Unidad = 2), 2)),

(24, 1, 1, 2, 1, 2, "06:00", "07:00", "precioKm", ROUND((SELECT distancia FROM Tramo WHERE idInicial = 1 AND idFinal = 2)*(SELECT multiplicador FROM Tramo INNER JOIN Estado ON Tramo.estado_Estado = Estado.estado WHERE idInicial = 1 AND idFinal = 2)*(SELECT valorDouble FROM ParametroDouble WHERE nombre_Parametro = "precioKm")*(SELECT ROUND(SUM(multiplicador)-(COUNT(*)-1), 2) FROM Caracteristica WHERE numero_Unidad = 2), 2)),
(24, 1, 2, 3, 2, 2, "06:00", "07:00", "precioKm", ROUND((SELECT distancia FROM Tramo WHERE idInicial = 2 AND idFinal = 3)*(SELECT multiplicador FROM Tramo INNER JOIN Estado ON Tramo.estado_Estado = Estado.estado WHERE idInicial = 2 AND idFinal = 3)*(SELECT valorDouble FROM ParametroDouble WHERE nombre_Parametro = "precioKm")*(SELECT ROUND(SUM(multiplicador)-(COUNT(*)-1), 2) FROM Caracteristica WHERE numero_Unidad = 2), 2)),
(24, 1, 3, 4, 3, 2, "06:00", "07:00", "precioKm", ROUND((SELECT distancia FROM Tramo WHERE idInicial = 3 AND idFinal = 4)*(SELECT multiplicador FROM Tramo INNER JOIN Estado ON Tramo.estado_Estado = Estado.estado WHERE idInicial = 3 AND idFinal = 4)*(SELECT valorDouble FROM ParametroDouble WHERE nombre_Parametro = "precioKm")*(SELECT ROUND(SUM(multiplicador)-(COUNT(*)-1), 2) FROM Caracteristica WHERE numero_Unidad = 2), 2)),
(24, 1, 4, 5, 4, 2, "06:00", "07:00", "precioKm", ROUND((SELECT distancia FROM Tramo WHERE idInicial = 4 AND idFinal = 5)*(SELECT multiplicador FROM Tramo INNER JOIN Estado ON Tramo.estado_Estado = Estado.estado WHERE idInicial = 4 AND idFinal = 5)*(SELECT valorDouble FROM ParametroDouble WHERE nombre_Parametro = "precioKm")*(SELECT ROUND(SUM(multiplicador)-(COUNT(*)-1), 2) FROM Caracteristica WHERE numero_Unidad = 2), 2)),
(24, 1, 5, 6, 5, 2, "06:00", "07:00", "precioKm", ROUND((SELECT distancia FROM Tramo WHERE idInicial = 5 AND idFinal = 6)*(SELECT multiplicador FROM Tramo INNER JOIN Estado ON Tramo.estado_Estado = Estado.estado WHERE idInicial = 5 AND idFinal = 6)*(SELECT valorDouble FROM ParametroDouble WHERE nombre_Parametro = "precioKm")*(SELECT ROUND(SUM(multiplicador)-(COUNT(*)-1), 2) FROM Caracteristica WHERE numero_Unidad = 2), 2)),
(24, 1, 6, 7, 6, 2, "06:00", "07:00", "precioKm", ROUND((SELECT distancia FROM Tramo WHERE idInicial = 6 AND idFinal = 7)*(SELECT multiplicador FROM Tramo INNER JOIN Estado ON Tramo.estado_Estado = Estado.estado WHERE idInicial = 6 AND idFinal = 7)*(SELECT valorDouble FROM ParametroDouble WHERE nombre_Parametro = "precioKm")*(SELECT ROUND(SUM(multiplicador)-(COUNT(*)-1), 2) FROM Caracteristica WHERE numero_Unidad = 2), 2)),
(24, 1, 7, 8, 7, 2, "06:00", "07:00", "precioKm", ROUND((SELECT distancia FROM Tramo WHERE idInicial = 7 AND idFinal = 8)*(SELECT multiplicador FROM Tramo INNER JOIN Estado ON Tramo.estado_Estado = Estado.estado WHERE idInicial = 7 AND idFinal = 8)*(SELECT valorDouble FROM ParametroDouble WHERE nombre_Parametro = "precioKm")*(SELECT ROUND(SUM(multiplicador)-(COUNT(*)-1), 2) FROM Caracteristica WHERE numero_Unidad = 2), 2)),
(24, 1, 8, 9, 8, 2, "06:00", "07:00", "precioKm", ROUND((SELECT distancia FROM Tramo WHERE idInicial = 8 AND idFinal = 9)*(SELECT multiplicador FROM Tramo INNER JOIN Estado ON Tramo.estado_Estado = Estado.estado WHERE idInicial = 8 AND idFinal = 9)*(SELECT valorDouble FROM ParametroDouble WHERE nombre_Parametro = "precioKm")*(SELECT ROUND(SUM(multiplicador)-(COUNT(*)-1), 2) FROM Caracteristica WHERE numero_Unidad = 2), 2)),
(24, 1, 9, 10, 9, 2, "06:00", "07:00", "precioKm", ROUND((SELECT distancia FROM Tramo WHERE idInicial = 9 AND idFinal = 10)*(SELECT multiplicador FROM Tramo INNER JOIN Estado ON Tramo.estado_Estado = Estado.estado WHERE idInicial = 9 AND idFinal = 10)*(SELECT valorDouble FROM ParametroDouble WHERE nombre_Parametro = "precioKm")*(SELECT ROUND(SUM(multiplicador)-(COUNT(*)-1), 2) FROM Caracteristica WHERE numero_Unidad = 2), 2)),
(24, 1, 10, 11, 10, 2, "06:00", "07:00", "precioKm", ROUND((SELECT distancia FROM Tramo WHERE idInicial = 10  AND idFinal = 11)*(SELECT multiplicador FROM Tramo INNER JOIN Estado ON Tramo.estado_Estado = Estado.estado WHERE idInicial = 10 AND idFinal = 11)*(SELECT valorDouble FROM ParametroDouble WHERE nombre_Parametro = "precioKm")*(SELECT ROUND(SUM(multiplicador)-(COUNT(*)-1), 2) FROM Caracteristica WHERE numero_Unidad = 2), 2)),

(25, 1, 1, 2, 1, 2, "06:00", "07:00", "precioKm", ROUND((SELECT distancia FROM Tramo WHERE idInicial = 1 AND idFinal = 2)*(SELECT multiplicador FROM Tramo INNER JOIN Estado ON Tramo.estado_Estado = Estado.estado WHERE idInicial = 1 AND idFinal = 2)*(SELECT valorDouble FROM ParametroDouble WHERE nombre_Parametro = "precioKm")*(SELECT ROUND(SUM(multiplicador)-(COUNT(*)-1), 2) FROM Caracteristica WHERE numero_Unidad = 2), 2)),
(25, 1, 2, 3, 2, 2, "06:00", "07:00", "precioKm", ROUND((SELECT distancia FROM Tramo WHERE idInicial = 2 AND idFinal = 3)*(SELECT multiplicador FROM Tramo INNER JOIN Estado ON Tramo.estado_Estado = Estado.estado WHERE idInicial = 2 AND idFinal = 3)*(SELECT valorDouble FROM ParametroDouble WHERE nombre_Parametro = "precioKm")*(SELECT ROUND(SUM(multiplicador)-(COUNT(*)-1), 2) FROM Caracteristica WHERE numero_Unidad = 2), 2)),
(25, 1, 3, 4, 3, 2, "06:00", "07:00", "precioKm", ROUND((SELECT distancia FROM Tramo WHERE idInicial = 3 AND idFinal = 4)*(SELECT multiplicador FROM Tramo INNER JOIN Estado ON Tramo.estado_Estado = Estado.estado WHERE idInicial = 3 AND idFinal = 4)*(SELECT valorDouble FROM ParametroDouble WHERE nombre_Parametro = "precioKm")*(SELECT ROUND(SUM(multiplicador)-(COUNT(*)-1), 2) FROM Caracteristica WHERE numero_Unidad = 2), 2)),
(25, 1, 4, 5, 4, 2, "06:00", "07:00", "precioKm", ROUND((SELECT distancia FROM Tramo WHERE idInicial = 4 AND idFinal = 5)*(SELECT multiplicador FROM Tramo INNER JOIN Estado ON Tramo.estado_Estado = Estado.estado WHERE idInicial = 4 AND idFinal = 5)*(SELECT valorDouble FROM ParametroDouble WHERE nombre_Parametro = "precioKm")*(SELECT ROUND(SUM(multiplicador)-(COUNT(*)-1), 2) FROM Caracteristica WHERE numero_Unidad = 2), 2)),
(25, 1, 5, 6, 5, 2, "06:00", "07:00", "precioKm", ROUND((SELECT distancia FROM Tramo WHERE idInicial = 5 AND idFinal = 6)*(SELECT multiplicador FROM Tramo INNER JOIN Estado ON Tramo.estado_Estado = Estado.estado WHERE idInicial = 5 AND idFinal = 6)*(SELECT valorDouble FROM ParametroDouble WHERE nombre_Parametro = "precioKm")*(SELECT ROUND(SUM(multiplicador)-(COUNT(*)-1), 2) FROM Caracteristica WHERE numero_Unidad = 2), 2)),
(25, 1, 6, 7, 6, 2, "06:00", "07:00", "precioKm", ROUND((SELECT distancia FROM Tramo WHERE idInicial = 6 AND idFinal = 7)*(SELECT multiplicador FROM Tramo INNER JOIN Estado ON Tramo.estado_Estado = Estado.estado WHERE idInicial = 6 AND idFinal = 7)*(SELECT valorDouble FROM ParametroDouble WHERE nombre_Parametro = "precioKm")*(SELECT ROUND(SUM(multiplicador)-(COUNT(*)-1), 2) FROM Caracteristica WHERE numero_Unidad = 2), 2)),
(25, 1, 7, 8, 7, 2, "06:00", "07:00", "precioKm", ROUND((SELECT distancia FROM Tramo WHERE idInicial = 7 AND idFinal = 8)*(SELECT multiplicador FROM Tramo INNER JOIN Estado ON Tramo.estado_Estado = Estado.estado WHERE idInicial = 7 AND idFinal = 8)*(SELECT valorDouble FROM ParametroDouble WHERE nombre_Parametro = "precioKm")*(SELECT ROUND(SUM(multiplicador)-(COUNT(*)-1), 2) FROM Caracteristica WHERE numero_Unidad = 2), 2)),
(25, 1, 8, 9, 8, 2, "06:00", "07:00", "precioKm", ROUND((SELECT distancia FROM Tramo WHERE idInicial = 8 AND idFinal = 9)*(SELECT multiplicador FROM Tramo INNER JOIN Estado ON Tramo.estado_Estado = Estado.estado WHERE idInicial = 8 AND idFinal = 9)*(SELECT valorDouble FROM ParametroDouble WHERE nombre_Parametro = "precioKm")*(SELECT ROUND(SUM(multiplicador)-(COUNT(*)-1), 2) FROM Caracteristica WHERE numero_Unidad = 2), 2)),
(25, 1, 9, 10, 9, 2, "06:00", "07:00", "precioKm", ROUND((SELECT distancia FROM Tramo WHERE idInicial = 9 AND idFinal = 10)*(SELECT multiplicador FROM Tramo INNER JOIN Estado ON Tramo.estado_Estado = Estado.estado WHERE idInicial = 9 AND idFinal = 10)*(SELECT valorDouble FROM ParametroDouble WHERE nombre_Parametro = "precioKm")*(SELECT ROUND(SUM(multiplicador)-(COUNT(*)-1), 2) FROM Caracteristica WHERE numero_Unidad = 2), 2)),
(25, 1, 10, 11, 10, 2, "06:00", "07:00", "precioKm", ROUND((SELECT distancia FROM Tramo WHERE idInicial = 10  AND idFinal = 11)*(SELECT multiplicador FROM Tramo INNER JOIN Estado ON Tramo.estado_Estado = Estado.estado WHERE idInicial = 10 AND idFinal = 11)*(SELECT valorDouble FROM ParametroDouble WHERE nombre_Parametro = "precioKm")*(SELECT ROUND(SUM(multiplicador)-(COUNT(*)-1), 2) FROM Caracteristica WHERE numero_Unidad = 2), 2)),

(26, 1, 1, 2, 1, 2, "06:00", "07:00", "precioKm", ROUND((SELECT distancia FROM Tramo WHERE idInicial = 1 AND idFinal = 2)*(SELECT multiplicador FROM Tramo INNER JOIN Estado ON Tramo.estado_Estado = Estado.estado WHERE idInicial = 1 AND idFinal = 2)*(SELECT valorDouble FROM ParametroDouble WHERE nombre_Parametro = "precioKm")*(SELECT ROUND(SUM(multiplicador)-(COUNT(*)-1), 2) FROM Caracteristica WHERE numero_Unidad = 2), 2)),
(26, 1, 2, 3, 2, 2, "06:00", "07:00", "precioKm", ROUND((SELECT distancia FROM Tramo WHERE idInicial = 2 AND idFinal = 3)*(SELECT multiplicador FROM Tramo INNER JOIN Estado ON Tramo.estado_Estado = Estado.estado WHERE idInicial = 2 AND idFinal = 3)*(SELECT valorDouble FROM ParametroDouble WHERE nombre_Parametro = "precioKm")*(SELECT ROUND(SUM(multiplicador)-(COUNT(*)-1), 2) FROM Caracteristica WHERE numero_Unidad = 2), 2)),
(26, 1, 3, 4, 3, 2, "06:00", "07:00", "precioKm", ROUND((SELECT distancia FROM Tramo WHERE idInicial = 3 AND idFinal = 4)*(SELECT multiplicador FROM Tramo INNER JOIN Estado ON Tramo.estado_Estado = Estado.estado WHERE idInicial = 3 AND idFinal = 4)*(SELECT valorDouble FROM ParametroDouble WHERE nombre_Parametro = "precioKm")*(SELECT ROUND(SUM(multiplicador)-(COUNT(*)-1), 2) FROM Caracteristica WHERE numero_Unidad = 2), 2)),
(26, 1, 4, 5, 4, 2, "06:00", "07:00", "precioKm", ROUND((SELECT distancia FROM Tramo WHERE idInicial = 4 AND idFinal = 5)*(SELECT multiplicador FROM Tramo INNER JOIN Estado ON Tramo.estado_Estado = Estado.estado WHERE idInicial = 4 AND idFinal = 5)*(SELECT valorDouble FROM ParametroDouble WHERE nombre_Parametro = "precioKm")*(SELECT ROUND(SUM(multiplicador)-(COUNT(*)-1), 2) FROM Caracteristica WHERE numero_Unidad = 2), 2)),
(26, 1, 5, 6, 5, 2, "06:00", "07:00", "precioKm", ROUND((SELECT distancia FROM Tramo WHERE idInicial = 5 AND idFinal = 6)*(SELECT multiplicador FROM Tramo INNER JOIN Estado ON Tramo.estado_Estado = Estado.estado WHERE idInicial = 5 AND idFinal = 6)*(SELECT valorDouble FROM ParametroDouble WHERE nombre_Parametro = "precioKm")*(SELECT ROUND(SUM(multiplicador)-(COUNT(*)-1), 2) FROM Caracteristica WHERE numero_Unidad = 2), 2)),
(26, 1, 6, 7, 6, 2, "06:00", "07:00", "precioKm", ROUND((SELECT distancia FROM Tramo WHERE idInicial = 6 AND idFinal = 7)*(SELECT multiplicador FROM Tramo INNER JOIN Estado ON Tramo.estado_Estado = Estado.estado WHERE idInicial = 6 AND idFinal = 7)*(SELECT valorDouble FROM ParametroDouble WHERE nombre_Parametro = "precioKm")*(SELECT ROUND(SUM(multiplicador)-(COUNT(*)-1), 2) FROM Caracteristica WHERE numero_Unidad = 2), 2)),
(26, 1, 7, 8, 7, 2, "06:00", "07:00", "precioKm", ROUND((SELECT distancia FROM Tramo WHERE idInicial = 7 AND idFinal = 8)*(SELECT multiplicador FROM Tramo INNER JOIN Estado ON Tramo.estado_Estado = Estado.estado WHERE idInicial = 7 AND idFinal = 8)*(SELECT valorDouble FROM ParametroDouble WHERE nombre_Parametro = "precioKm")*(SELECT ROUND(SUM(multiplicador)-(COUNT(*)-1), 2) FROM Caracteristica WHERE numero_Unidad = 2), 2)),
(26, 1, 8, 9, 8, 2, "06:00", "07:00", "precioKm", ROUND((SELECT distancia FROM Tramo WHERE idInicial = 8 AND idFinal = 9)*(SELECT multiplicador FROM Tramo INNER JOIN Estado ON Tramo.estado_Estado = Estado.estado WHERE idInicial = 8 AND idFinal = 9)*(SELECT valorDouble FROM ParametroDouble WHERE nombre_Parametro = "precioKm")*(SELECT ROUND(SUM(multiplicador)-(COUNT(*)-1), 2) FROM Caracteristica WHERE numero_Unidad = 2), 2)),
(26, 1, 9, 10, 9, 2, "06:00", "07:00", "precioKm", ROUND((SELECT distancia FROM Tramo WHERE idInicial = 9 AND idFinal = 10)*(SELECT multiplicador FROM Tramo INNER JOIN Estado ON Tramo.estado_Estado = Estado.estado WHERE idInicial = 9 AND idFinal = 10)*(SELECT valorDouble FROM ParametroDouble WHERE nombre_Parametro = "precioKm")*(SELECT ROUND(SUM(multiplicador)-(COUNT(*)-1), 2) FROM Caracteristica WHERE numero_Unidad = 2), 2)),
(26, 1, 10, 11, 10, 2, "06:00", "07:00", "precioKm", ROUND((SELECT distancia FROM Tramo WHERE idInicial = 10  AND idFinal = 11)*(SELECT multiplicador FROM Tramo INNER JOIN Estado ON Tramo.estado_Estado = Estado.estado WHERE idInicial = 10 AND idFinal = 11)*(SELECT valorDouble FROM ParametroDouble WHERE nombre_Parametro = "precioKm")*(SELECT ROUND(SUM(multiplicador)-(COUNT(*)-1), 2) FROM Caracteristica WHERE numero_Unidad = 2), 2)),

(27, 1, 1, 2, 1, 2, "06:00", "07:00", "precioKm", ROUND((SELECT distancia FROM Tramo WHERE idInicial = 1 AND idFinal = 2)*(SELECT multiplicador FROM Tramo INNER JOIN Estado ON Tramo.estado_Estado = Estado.estado WHERE idInicial = 1 AND idFinal = 2)*(SELECT valorDouble FROM ParametroDouble WHERE nombre_Parametro = "precioKm")*(SELECT ROUND(SUM(multiplicador)-(COUNT(*)-1), 2) FROM Caracteristica WHERE numero_Unidad = 2), 2)),
(27, 1, 2, 3, 2, 2, "06:00", "07:00", "precioKm", ROUND((SELECT distancia FROM Tramo WHERE idInicial = 2 AND idFinal = 3)*(SELECT multiplicador FROM Tramo INNER JOIN Estado ON Tramo.estado_Estado = Estado.estado WHERE idInicial = 2 AND idFinal = 3)*(SELECT valorDouble FROM ParametroDouble WHERE nombre_Parametro = "precioKm")*(SELECT ROUND(SUM(multiplicador)-(COUNT(*)-1), 2) FROM Caracteristica WHERE numero_Unidad = 2), 2)),
(27, 1, 3, 4, 3, 2, "06:00", "07:00", "precioKm", ROUND((SELECT distancia FROM Tramo WHERE idInicial = 3 AND idFinal = 4)*(SELECT multiplicador FROM Tramo INNER JOIN Estado ON Tramo.estado_Estado = Estado.estado WHERE idInicial = 3 AND idFinal = 4)*(SELECT valorDouble FROM ParametroDouble WHERE nombre_Parametro = "precioKm")*(SELECT ROUND(SUM(multiplicador)-(COUNT(*)-1), 2) FROM Caracteristica WHERE numero_Unidad = 2), 2)),
(27, 1, 4, 5, 4, 2, "06:00", "07:00", "precioKm", ROUND((SELECT distancia FROM Tramo WHERE idInicial = 4 AND idFinal = 5)*(SELECT multiplicador FROM Tramo INNER JOIN Estado ON Tramo.estado_Estado = Estado.estado WHERE idInicial = 4 AND idFinal = 5)*(SELECT valorDouble FROM ParametroDouble WHERE nombre_Parametro = "precioKm")*(SELECT ROUND(SUM(multiplicador)-(COUNT(*)-1), 2) FROM Caracteristica WHERE numero_Unidad = 2), 2)),
(27, 1, 5, 6, 5, 2, "06:00", "07:00", "precioKm", ROUND((SELECT distancia FROM Tramo WHERE idInicial = 5 AND idFinal = 6)*(SELECT multiplicador FROM Tramo INNER JOIN Estado ON Tramo.estado_Estado = Estado.estado WHERE idInicial = 5 AND idFinal = 6)*(SELECT valorDouble FROM ParametroDouble WHERE nombre_Parametro = "precioKm")*(SELECT ROUND(SUM(multiplicador)-(COUNT(*)-1), 2) FROM Caracteristica WHERE numero_Unidad = 2), 2)),
(27, 1, 6, 7, 6, 2, "06:00", "07:00", "precioKm", ROUND((SELECT distancia FROM Tramo WHERE idInicial = 6 AND idFinal = 7)*(SELECT multiplicador FROM Tramo INNER JOIN Estado ON Tramo.estado_Estado = Estado.estado WHERE idInicial = 6 AND idFinal = 7)*(SELECT valorDouble FROM ParametroDouble WHERE nombre_Parametro = "precioKm")*(SELECT ROUND(SUM(multiplicador)-(COUNT(*)-1), 2) FROM Caracteristica WHERE numero_Unidad = 2), 2)),
(27, 1, 7, 8, 7, 2, "06:00", "07:00", "precioKm", ROUND((SELECT distancia FROM Tramo WHERE idInicial = 7 AND idFinal = 8)*(SELECT multiplicador FROM Tramo INNER JOIN Estado ON Tramo.estado_Estado = Estado.estado WHERE idInicial = 7 AND idFinal = 8)*(SELECT valorDouble FROM ParametroDouble WHERE nombre_Parametro = "precioKm")*(SELECT ROUND(SUM(multiplicador)-(COUNT(*)-1), 2) FROM Caracteristica WHERE numero_Unidad = 2), 2)),
(27, 1, 8, 9, 8, 2, "06:00", "07:00", "precioKm", ROUND((SELECT distancia FROM Tramo WHERE idInicial = 8 AND idFinal = 9)*(SELECT multiplicador FROM Tramo INNER JOIN Estado ON Tramo.estado_Estado = Estado.estado WHERE idInicial = 8 AND idFinal = 9)*(SELECT valorDouble FROM ParametroDouble WHERE nombre_Parametro = "precioKm")*(SELECT ROUND(SUM(multiplicador)-(COUNT(*)-1), 2) FROM Caracteristica WHERE numero_Unidad = 2), 2)),
(27, 1, 9, 10, 9, 2, "06:00", "07:00", "precioKm", ROUND((SELECT distancia FROM Tramo WHERE idInicial = 9 AND idFinal = 10)*(SELECT multiplicador FROM Tramo INNER JOIN Estado ON Tramo.estado_Estado = Estado.estado WHERE idInicial = 9 AND idFinal = 10)*(SELECT valorDouble FROM ParametroDouble WHERE nombre_Parametro = "precioKm")*(SELECT ROUND(SUM(multiplicador)-(COUNT(*)-1), 2) FROM Caracteristica WHERE numero_Unidad = 2), 2)),
(27, 1, 10, 11, 10, 2, "06:00", "07:00", "precioKm", ROUND((SELECT distancia FROM Tramo WHERE idInicial = 10  AND idFinal = 11)*(SELECT multiplicador FROM Tramo INNER JOIN Estado ON Tramo.estado_Estado = Estado.estado WHERE idInicial = 10 AND idFinal = 11)*(SELECT valorDouble FROM ParametroDouble WHERE nombre_Parametro = "precioKm")*(SELECT ROUND(SUM(multiplicador)-(COUNT(*)-1), 2) FROM Caracteristica WHERE numero_Unidad = 2), 2)),

(28, 1, 1, 2, 1, 2, "06:00", "07:00", "precioKm", ROUND((SELECT distancia FROM Tramo WHERE idInicial = 1 AND idFinal = 2)*(SELECT multiplicador FROM Tramo INNER JOIN Estado ON Tramo.estado_Estado = Estado.estado WHERE idInicial = 1 AND idFinal = 2)*(SELECT valorDouble FROM ParametroDouble WHERE nombre_Parametro = "precioKm")*(SELECT ROUND(SUM(multiplicador)-(COUNT(*)-1), 2) FROM Caracteristica WHERE numero_Unidad = 2), 2)),
(28, 1, 2, 3, 2, 2, "06:00", "07:00", "precioKm", ROUND((SELECT distancia FROM Tramo WHERE idInicial = 2 AND idFinal = 3)*(SELECT multiplicador FROM Tramo INNER JOIN Estado ON Tramo.estado_Estado = Estado.estado WHERE idInicial = 2 AND idFinal = 3)*(SELECT valorDouble FROM ParametroDouble WHERE nombre_Parametro = "precioKm")*(SELECT ROUND(SUM(multiplicador)-(COUNT(*)-1), 2) FROM Caracteristica WHERE numero_Unidad = 2), 2)),
(28, 1, 3, 4, 3, 2, "06:00", "07:00", "precioKm", ROUND((SELECT distancia FROM Tramo WHERE idInicial = 3 AND idFinal = 4)*(SELECT multiplicador FROM Tramo INNER JOIN Estado ON Tramo.estado_Estado = Estado.estado WHERE idInicial = 3 AND idFinal = 4)*(SELECT valorDouble FROM ParametroDouble WHERE nombre_Parametro = "precioKm")*(SELECT ROUND(SUM(multiplicador)-(COUNT(*)-1), 2) FROM Caracteristica WHERE numero_Unidad = 2), 2)),
(28, 1, 4, 5, 4, 2, "06:00", "07:00", "precioKm", ROUND((SELECT distancia FROM Tramo WHERE idInicial = 4 AND idFinal = 5)*(SELECT multiplicador FROM Tramo INNER JOIN Estado ON Tramo.estado_Estado = Estado.estado WHERE idInicial = 4 AND idFinal = 5)*(SELECT valorDouble FROM ParametroDouble WHERE nombre_Parametro = "precioKm")*(SELECT ROUND(SUM(multiplicador)-(COUNT(*)-1), 2) FROM Caracteristica WHERE numero_Unidad = 2), 2)),
(28, 1, 5, 6, 5, 2, "06:00", "07:00", "precioKm", ROUND((SELECT distancia FROM Tramo WHERE idInicial = 5 AND idFinal = 6)*(SELECT multiplicador FROM Tramo INNER JOIN Estado ON Tramo.estado_Estado = Estado.estado WHERE idInicial = 5 AND idFinal = 6)*(SELECT valorDouble FROM ParametroDouble WHERE nombre_Parametro = "precioKm")*(SELECT ROUND(SUM(multiplicador)-(COUNT(*)-1), 2) FROM Caracteristica WHERE numero_Unidad = 2), 2)),
(28, 1, 6, 7, 6, 2, "06:00", "07:00", "precioKm", ROUND((SELECT distancia FROM Tramo WHERE idInicial = 6 AND idFinal = 7)*(SELECT multiplicador FROM Tramo INNER JOIN Estado ON Tramo.estado_Estado = Estado.estado WHERE idInicial = 6 AND idFinal = 7)*(SELECT valorDouble FROM ParametroDouble WHERE nombre_Parametro = "precioKm")*(SELECT ROUND(SUM(multiplicador)-(COUNT(*)-1), 2) FROM Caracteristica WHERE numero_Unidad = 2), 2)),
(28, 1, 7, 8, 7, 2, "06:00", "07:00", "precioKm", ROUND((SELECT distancia FROM Tramo WHERE idInicial = 7 AND idFinal = 8)*(SELECT multiplicador FROM Tramo INNER JOIN Estado ON Tramo.estado_Estado = Estado.estado WHERE idInicial = 7 AND idFinal = 8)*(SELECT valorDouble FROM ParametroDouble WHERE nombre_Parametro = "precioKm")*(SELECT ROUND(SUM(multiplicador)-(COUNT(*)-1), 2) FROM Caracteristica WHERE numero_Unidad = 2), 2)),
(28, 1, 8, 9, 8, 2, "06:00", "07:00", "precioKm", ROUND((SELECT distancia FROM Tramo WHERE idInicial = 8 AND idFinal = 9)*(SELECT multiplicador FROM Tramo INNER JOIN Estado ON Tramo.estado_Estado = Estado.estado WHERE idInicial = 8 AND idFinal = 9)*(SELECT valorDouble FROM ParametroDouble WHERE nombre_Parametro = "precioKm")*(SELECT ROUND(SUM(multiplicador)-(COUNT(*)-1), 2) FROM Caracteristica WHERE numero_Unidad = 2), 2)),
(28, 1, 9, 10, 9, 2, "06:00", "07:00", "precioKm", ROUND((SELECT distancia FROM Tramo WHERE idInicial = 9 AND idFinal = 10)*(SELECT multiplicador FROM Tramo INNER JOIN Estado ON Tramo.estado_Estado = Estado.estado WHERE idInicial = 9 AND idFinal = 10)*(SELECT valorDouble FROM ParametroDouble WHERE nombre_Parametro = "precioKm")*(SELECT ROUND(SUM(multiplicador)-(COUNT(*)-1), 2) FROM Caracteristica WHERE numero_Unidad = 2), 2)),
(28, 1, 10, 11, 10, 2, "06:00", "07:00", "precioKm", ROUND((SELECT distancia FROM Tramo WHERE idInicial = 10  AND idFinal = 11)*(SELECT multiplicador FROM Tramo INNER JOIN Estado ON Tramo.estado_Estado = Estado.estado WHERE idInicial = 10 AND idFinal = 11)*(SELECT valorDouble FROM ParametroDouble WHERE nombre_Parametro = "precioKm")*(SELECT ROUND(SUM(multiplicador)-(COUNT(*)-1), 2) FROM Caracteristica WHERE numero_Unidad = 2), 2)),

(29, 1, 1, 2, 1, 2, "06:00", "07:00", "precioKm", ROUND((SELECT distancia FROM Tramo WHERE idInicial = 1 AND idFinal = 2)*(SELECT multiplicador FROM Tramo INNER JOIN Estado ON Tramo.estado_Estado = Estado.estado WHERE idInicial = 1 AND idFinal = 2)*(SELECT valorDouble FROM ParametroDouble WHERE nombre_Parametro = "precioKm")*(SELECT ROUND(SUM(multiplicador)-(COUNT(*)-1), 2) FROM Caracteristica WHERE numero_Unidad = 2), 2)),
(29, 1, 2, 3, 2, 2, "06:00", "07:00", "precioKm", ROUND((SELECT distancia FROM Tramo WHERE idInicial = 2 AND idFinal = 3)*(SELECT multiplicador FROM Tramo INNER JOIN Estado ON Tramo.estado_Estado = Estado.estado WHERE idInicial = 2 AND idFinal = 3)*(SELECT valorDouble FROM ParametroDouble WHERE nombre_Parametro = "precioKm")*(SELECT ROUND(SUM(multiplicador)-(COUNT(*)-1), 2) FROM Caracteristica WHERE numero_Unidad = 2), 2)),
(29, 1, 3, 4, 3, 2, "06:00", "07:00", "precioKm", ROUND((SELECT distancia FROM Tramo WHERE idInicial = 3 AND idFinal = 4)*(SELECT multiplicador FROM Tramo INNER JOIN Estado ON Tramo.estado_Estado = Estado.estado WHERE idInicial = 3 AND idFinal = 4)*(SELECT valorDouble FROM ParametroDouble WHERE nombre_Parametro = "precioKm")*(SELECT ROUND(SUM(multiplicador)-(COUNT(*)-1), 2) FROM Caracteristica WHERE numero_Unidad = 2), 2)),
(29, 1, 4, 5, 4, 2, "06:00", "07:00", "precioKm", ROUND((SELECT distancia FROM Tramo WHERE idInicial = 4 AND idFinal = 5)*(SELECT multiplicador FROM Tramo INNER JOIN Estado ON Tramo.estado_Estado = Estado.estado WHERE idInicial = 4 AND idFinal = 5)*(SELECT valorDouble FROM ParametroDouble WHERE nombre_Parametro = "precioKm")*(SELECT ROUND(SUM(multiplicador)-(COUNT(*)-1), 2) FROM Caracteristica WHERE numero_Unidad = 2), 2)),
(29, 1, 5, 6, 5, 2, "06:00", "07:00", "precioKm", ROUND((SELECT distancia FROM Tramo WHERE idInicial = 5 AND idFinal = 6)*(SELECT multiplicador FROM Tramo INNER JOIN Estado ON Tramo.estado_Estado = Estado.estado WHERE idInicial = 5 AND idFinal = 6)*(SELECT valorDouble FROM ParametroDouble WHERE nombre_Parametro = "precioKm")*(SELECT ROUND(SUM(multiplicador)-(COUNT(*)-1), 2) FROM Caracteristica WHERE numero_Unidad = 2), 2)),
(29, 1, 6, 7, 6, 2, "06:00", "07:00", "precioKm", ROUND((SELECT distancia FROM Tramo WHERE idInicial = 6 AND idFinal = 7)*(SELECT multiplicador FROM Tramo INNER JOIN Estado ON Tramo.estado_Estado = Estado.estado WHERE idInicial = 6 AND idFinal = 7)*(SELECT valorDouble FROM ParametroDouble WHERE nombre_Parametro = "precioKm")*(SELECT ROUND(SUM(multiplicador)-(COUNT(*)-1), 2) FROM Caracteristica WHERE numero_Unidad = 2), 2)),
(29, 1, 7, 8, 7, 2, "06:00", "07:00", "precioKm", ROUND((SELECT distancia FROM Tramo WHERE idInicial = 7 AND idFinal = 8)*(SELECT multiplicador FROM Tramo INNER JOIN Estado ON Tramo.estado_Estado = Estado.estado WHERE idInicial = 7 AND idFinal = 8)*(SELECT valorDouble FROM ParametroDouble WHERE nombre_Parametro = "precioKm")*(SELECT ROUND(SUM(multiplicador)-(COUNT(*)-1), 2) FROM Caracteristica WHERE numero_Unidad = 2), 2)),
(29, 1, 8, 9, 8, 2, "06:00", "07:00", "precioKm", ROUND((SELECT distancia FROM Tramo WHERE idInicial = 8 AND idFinal = 9)*(SELECT multiplicador FROM Tramo INNER JOIN Estado ON Tramo.estado_Estado = Estado.estado WHERE idInicial = 8 AND idFinal = 9)*(SELECT valorDouble FROM ParametroDouble WHERE nombre_Parametro = "precioKm")*(SELECT ROUND(SUM(multiplicador)-(COUNT(*)-1), 2) FROM Caracteristica WHERE numero_Unidad = 2), 2)),
(29, 1, 9, 10, 9, 2, "06:00", "07:00", "precioKm", ROUND((SELECT distancia FROM Tramo WHERE idInicial = 9 AND idFinal = 10)*(SELECT multiplicador FROM Tramo INNER JOIN Estado ON Tramo.estado_Estado = Estado.estado WHERE idInicial = 9 AND idFinal = 10)*(SELECT valorDouble FROM ParametroDouble WHERE nombre_Parametro = "precioKm")*(SELECT ROUND(SUM(multiplicador)-(COUNT(*)-1), 2) FROM Caracteristica WHERE numero_Unidad = 2), 2)),
(29, 1, 10, 11, 10, 2, "06:00", "07:00", "precioKm", ROUND((SELECT distancia FROM Tramo WHERE idInicial = 10  AND idFinal = 11)*(SELECT multiplicador FROM Tramo INNER JOIN Estado ON Tramo.estado_Estado = Estado.estado WHERE idInicial = 10 AND idFinal = 11)*(SELECT valorDouble FROM ParametroDouble WHERE nombre_Parametro = "precioKm")*(SELECT ROUND(SUM(multiplicador)-(COUNT(*)-1), 2) FROM Caracteristica WHERE numero_Unidad = 2), 2)),

(30, 1, 1, 2, 1, 2, "06:00", "07:00", "precioKm", ROUND((SELECT distancia FROM Tramo WHERE idInicial = 1 AND idFinal = 2)*(SELECT multiplicador FROM Tramo INNER JOIN Estado ON Tramo.estado_Estado = Estado.estado WHERE idInicial = 1 AND idFinal = 2)*(SELECT valorDouble FROM ParametroDouble WHERE nombre_Parametro = "precioKm")*(SELECT ROUND(SUM(multiplicador)-(COUNT(*)-1), 2) FROM Caracteristica WHERE numero_Unidad = 2), 2)),
(30, 1, 2, 3, 2, 2, "06:00", "07:00", "precioKm", ROUND((SELECT distancia FROM Tramo WHERE idInicial = 2 AND idFinal = 3)*(SELECT multiplicador FROM Tramo INNER JOIN Estado ON Tramo.estado_Estado = Estado.estado WHERE idInicial = 2 AND idFinal = 3)*(SELECT valorDouble FROM ParametroDouble WHERE nombre_Parametro = "precioKm")*(SELECT ROUND(SUM(multiplicador)-(COUNT(*)-1), 2) FROM Caracteristica WHERE numero_Unidad = 2), 2)),
(30, 1, 3, 4, 3, 2, "06:00", "07:00", "precioKm", ROUND((SELECT distancia FROM Tramo WHERE idInicial = 3 AND idFinal = 4)*(SELECT multiplicador FROM Tramo INNER JOIN Estado ON Tramo.estado_Estado = Estado.estado WHERE idInicial = 3 AND idFinal = 4)*(SELECT valorDouble FROM ParametroDouble WHERE nombre_Parametro = "precioKm")*(SELECT ROUND(SUM(multiplicador)-(COUNT(*)-1), 2) FROM Caracteristica WHERE numero_Unidad = 2), 2)),
(30, 1, 4, 5, 4, 2, "06:00", "07:00", "precioKm", ROUND((SELECT distancia FROM Tramo WHERE idInicial = 4 AND idFinal = 5)*(SELECT multiplicador FROM Tramo INNER JOIN Estado ON Tramo.estado_Estado = Estado.estado WHERE idInicial = 4 AND idFinal = 5)*(SELECT valorDouble FROM ParametroDouble WHERE nombre_Parametro = "precioKm")*(SELECT ROUND(SUM(multiplicador)-(COUNT(*)-1), 2) FROM Caracteristica WHERE numero_Unidad = 2), 2)),
(30, 1, 5, 6, 5, 2, "06:00", "07:00", "precioKm", ROUND((SELECT distancia FROM Tramo WHERE idInicial = 5 AND idFinal = 6)*(SELECT multiplicador FROM Tramo INNER JOIN Estado ON Tramo.estado_Estado = Estado.estado WHERE idInicial = 5 AND idFinal = 6)*(SELECT valorDouble FROM ParametroDouble WHERE nombre_Parametro = "precioKm")*(SELECT ROUND(SUM(multiplicador)-(COUNT(*)-1), 2) FROM Caracteristica WHERE numero_Unidad = 2), 2)),
(30, 1, 6, 7, 6, 2, "06:00", "07:00", "precioKm", ROUND((SELECT distancia FROM Tramo WHERE idInicial = 6 AND idFinal = 7)*(SELECT multiplicador FROM Tramo INNER JOIN Estado ON Tramo.estado_Estado = Estado.estado WHERE idInicial = 6 AND idFinal = 7)*(SELECT valorDouble FROM ParametroDouble WHERE nombre_Parametro = "precioKm")*(SELECT ROUND(SUM(multiplicador)-(COUNT(*)-1), 2) FROM Caracteristica WHERE numero_Unidad = 2), 2)),
(30, 1, 7, 8, 7, 2, "06:00", "07:00", "precioKm", ROUND((SELECT distancia FROM Tramo WHERE idInicial = 7 AND idFinal = 8)*(SELECT multiplicador FROM Tramo INNER JOIN Estado ON Tramo.estado_Estado = Estado.estado WHERE idInicial = 7 AND idFinal = 8)*(SELECT valorDouble FROM ParametroDouble WHERE nombre_Parametro = "precioKm")*(SELECT ROUND(SUM(multiplicador)-(COUNT(*)-1), 2) FROM Caracteristica WHERE numero_Unidad = 2), 2)),
(30, 1, 8, 9, 8, 2, "06:00", "07:00", "precioKm", ROUND((SELECT distancia FROM Tramo WHERE idInicial = 8 AND idFinal = 9)*(SELECT multiplicador FROM Tramo INNER JOIN Estado ON Tramo.estado_Estado = Estado.estado WHERE idInicial = 8 AND idFinal = 9)*(SELECT valorDouble FROM ParametroDouble WHERE nombre_Parametro = "precioKm")*(SELECT ROUND(SUM(multiplicador)-(COUNT(*)-1), 2) FROM Caracteristica WHERE numero_Unidad = 2), 2)),
(30, 1, 9, 10, 9, 2, "06:00", "07:00", "precioKm", ROUND((SELECT distancia FROM Tramo WHERE idInicial = 9 AND idFinal = 10)*(SELECT multiplicador FROM Tramo INNER JOIN Estado ON Tramo.estado_Estado = Estado.estado WHERE idInicial = 9 AND idFinal = 10)*(SELECT valorDouble FROM ParametroDouble WHERE nombre_Parametro = "precioKm")*(SELECT ROUND(SUM(multiplicador)-(COUNT(*)-1), 2) FROM Caracteristica WHERE numero_Unidad = 2), 2)),
(30, 1, 10, 11, 10, 2, "06:00", "07:00", "precioKm", ROUND((SELECT distancia FROM Tramo WHERE idInicial = 10  AND idFinal = 11)*(SELECT multiplicador FROM Tramo INNER JOIN Estado ON Tramo.estado_Estado = Estado.estado WHERE idInicial = 10 AND idFinal = 11)*(SELECT valorDouble FROM ParametroDouble WHERE nombre_Parametro = "precioKm")*(SELECT ROUND(SUM(multiplicador)-(COUNT(*)-1), 2) FROM Caracteristica WHERE numero_Unidad = 2), 2)),

(31, 1, 1, 2, 1, 2, "06:00", "07:00", "precioKm", ROUND((SELECT distancia FROM Tramo WHERE idInicial = 1 AND idFinal = 2)*(SELECT multiplicador FROM Tramo INNER JOIN Estado ON Tramo.estado_Estado = Estado.estado WHERE idInicial = 1 AND idFinal = 2)*(SELECT valorDouble FROM ParametroDouble WHERE nombre_Parametro = "precioKm")*(SELECT ROUND(SUM(multiplicador)-(COUNT(*)-1), 2) FROM Caracteristica WHERE numero_Unidad = 2), 2)),
(31, 1, 2, 3, 2, 2, "06:00", "07:00", "precioKm", ROUND((SELECT distancia FROM Tramo WHERE idInicial = 2 AND idFinal = 3)*(SELECT multiplicador FROM Tramo INNER JOIN Estado ON Tramo.estado_Estado = Estado.estado WHERE idInicial = 2 AND idFinal = 3)*(SELECT valorDouble FROM ParametroDouble WHERE nombre_Parametro = "precioKm")*(SELECT ROUND(SUM(multiplicador)-(COUNT(*)-1), 2) FROM Caracteristica WHERE numero_Unidad = 2), 2)),
(31, 1, 3, 4, 3, 2, "06:00", "07:00", "precioKm", ROUND((SELECT distancia FROM Tramo WHERE idInicial = 3 AND idFinal = 4)*(SELECT multiplicador FROM Tramo INNER JOIN Estado ON Tramo.estado_Estado = Estado.estado WHERE idInicial = 3 AND idFinal = 4)*(SELECT valorDouble FROM ParametroDouble WHERE nombre_Parametro = "precioKm")*(SELECT ROUND(SUM(multiplicador)-(COUNT(*)-1), 2) FROM Caracteristica WHERE numero_Unidad = 2), 2)),
(31, 1, 4, 5, 4, 2, "06:00", "07:00", "precioKm", ROUND((SELECT distancia FROM Tramo WHERE idInicial = 4 AND idFinal = 5)*(SELECT multiplicador FROM Tramo INNER JOIN Estado ON Tramo.estado_Estado = Estado.estado WHERE idInicial = 4 AND idFinal = 5)*(SELECT valorDouble FROM ParametroDouble WHERE nombre_Parametro = "precioKm")*(SELECT ROUND(SUM(multiplicador)-(COUNT(*)-1), 2) FROM Caracteristica WHERE numero_Unidad = 2), 2)),
(31, 1, 5, 6, 5, 2, "06:00", "07:00", "precioKm", ROUND((SELECT distancia FROM Tramo WHERE idInicial = 5 AND idFinal = 6)*(SELECT multiplicador FROM Tramo INNER JOIN Estado ON Tramo.estado_Estado = Estado.estado WHERE idInicial = 5 AND idFinal = 6)*(SELECT valorDouble FROM ParametroDouble WHERE nombre_Parametro = "precioKm")*(SELECT ROUND(SUM(multiplicador)-(COUNT(*)-1), 2) FROM Caracteristica WHERE numero_Unidad = 2), 2)),
(31, 1, 6, 7, 6, 2, "06:00", "07:00", "precioKm", ROUND((SELECT distancia FROM Tramo WHERE idInicial = 6 AND idFinal = 7)*(SELECT multiplicador FROM Tramo INNER JOIN Estado ON Tramo.estado_Estado = Estado.estado WHERE idInicial = 6 AND idFinal = 7)*(SELECT valorDouble FROM ParametroDouble WHERE nombre_Parametro = "precioKm")*(SELECT ROUND(SUM(multiplicador)-(COUNT(*)-1), 2) FROM Caracteristica WHERE numero_Unidad = 2), 2)),
(31, 1, 7, 8, 7, 2, "06:00", "07:00", "precioKm", ROUND((SELECT distancia FROM Tramo WHERE idInicial = 7 AND idFinal = 8)*(SELECT multiplicador FROM Tramo INNER JOIN Estado ON Tramo.estado_Estado = Estado.estado WHERE idInicial = 7 AND idFinal = 8)*(SELECT valorDouble FROM ParametroDouble WHERE nombre_Parametro = "precioKm")*(SELECT ROUND(SUM(multiplicador)-(COUNT(*)-1), 2) FROM Caracteristica WHERE numero_Unidad = 2), 2)),
(31, 1, 8, 9, 8, 2, "06:00", "07:00", "precioKm", ROUND((SELECT distancia FROM Tramo WHERE idInicial = 8 AND idFinal = 9)*(SELECT multiplicador FROM Tramo INNER JOIN Estado ON Tramo.estado_Estado = Estado.estado WHERE idInicial = 8 AND idFinal = 9)*(SELECT valorDouble FROM ParametroDouble WHERE nombre_Parametro = "precioKm")*(SELECT ROUND(SUM(multiplicador)-(COUNT(*)-1), 2) FROM Caracteristica WHERE numero_Unidad = 2), 2)),
(31, 1, 9, 10, 9, 2, "06:00", "07:00", "precioKm", ROUND((SELECT distancia FROM Tramo WHERE idInicial = 9 AND idFinal = 10)*(SELECT multiplicador FROM Tramo INNER JOIN Estado ON Tramo.estado_Estado = Estado.estado WHERE idInicial = 9 AND idFinal = 10)*(SELECT valorDouble FROM ParametroDouble WHERE nombre_Parametro = "precioKm")*(SELECT ROUND(SUM(multiplicador)-(COUNT(*)-1), 2) FROM Caracteristica WHERE numero_Unidad = 2), 2)),
(31, 1, 10, 11, 10, 2, "06:00", "07:00", "precioKm", ROUND((SELECT distancia FROM Tramo WHERE idInicial = 10  AND idFinal = 11)*(SELECT multiplicador FROM Tramo INNER JOIN Estado ON Tramo.estado_Estado = Estado.estado WHERE idInicial = 10 AND idFinal = 11)*(SELECT valorDouble FROM ParametroDouble WHERE nombre_Parametro = "precioKm")*(SELECT ROUND(SUM(multiplicador)-(COUNT(*)-1), 2) FROM Caracteristica WHERE numero_Unidad = 2), 2)),

(32, 1, 1, 2, 1, 2, "06:00", "07:00", "precioKm", ROUND((SELECT distancia FROM Tramo WHERE idInicial = 1 AND idFinal = 2)*(SELECT multiplicador FROM Tramo INNER JOIN Estado ON Tramo.estado_Estado = Estado.estado WHERE idInicial = 1 AND idFinal = 2)*(SELECT valorDouble FROM ParametroDouble WHERE nombre_Parametro = "precioKm")*(SELECT ROUND(SUM(multiplicador)-(COUNT(*)-1), 2) FROM Caracteristica WHERE numero_Unidad = 2), 2)),
(32, 1, 2, 3, 2, 2, "06:00", "07:00", "precioKm", ROUND((SELECT distancia FROM Tramo WHERE idInicial = 2 AND idFinal = 3)*(SELECT multiplicador FROM Tramo INNER JOIN Estado ON Tramo.estado_Estado = Estado.estado WHERE idInicial = 2 AND idFinal = 3)*(SELECT valorDouble FROM ParametroDouble WHERE nombre_Parametro = "precioKm")*(SELECT ROUND(SUM(multiplicador)-(COUNT(*)-1), 2) FROM Caracteristica WHERE numero_Unidad = 2), 2)),
(32, 1, 3, 4, 3, 2, "06:00", "07:00", "precioKm", ROUND((SELECT distancia FROM Tramo WHERE idInicial = 3 AND idFinal = 4)*(SELECT multiplicador FROM Tramo INNER JOIN Estado ON Tramo.estado_Estado = Estado.estado WHERE idInicial = 3 AND idFinal = 4)*(SELECT valorDouble FROM ParametroDouble WHERE nombre_Parametro = "precioKm")*(SELECT ROUND(SUM(multiplicador)-(COUNT(*)-1), 2) FROM Caracteristica WHERE numero_Unidad = 2), 2)),
(32, 1, 4, 5, 4, 2, "06:00", "07:00", "precioKm", ROUND((SELECT distancia FROM Tramo WHERE idInicial = 4 AND idFinal = 5)*(SELECT multiplicador FROM Tramo INNER JOIN Estado ON Tramo.estado_Estado = Estado.estado WHERE idInicial = 4 AND idFinal = 5)*(SELECT valorDouble FROM ParametroDouble WHERE nombre_Parametro = "precioKm")*(SELECT ROUND(SUM(multiplicador)-(COUNT(*)-1), 2) FROM Caracteristica WHERE numero_Unidad = 2), 2)),
(32, 1, 5, 6, 5, 2, "06:00", "07:00", "precioKm", ROUND((SELECT distancia FROM Tramo WHERE idInicial = 5 AND idFinal = 6)*(SELECT multiplicador FROM Tramo INNER JOIN Estado ON Tramo.estado_Estado = Estado.estado WHERE idInicial = 5 AND idFinal = 6)*(SELECT valorDouble FROM ParametroDouble WHERE nombre_Parametro = "precioKm")*(SELECT ROUND(SUM(multiplicador)-(COUNT(*)-1), 2) FROM Caracteristica WHERE numero_Unidad = 2), 2)),
(32, 1, 6, 7, 6, 2, "06:00", "07:00", "precioKm", ROUND((SELECT distancia FROM Tramo WHERE idInicial = 6 AND idFinal = 7)*(SELECT multiplicador FROM Tramo INNER JOIN Estado ON Tramo.estado_Estado = Estado.estado WHERE idInicial = 6 AND idFinal = 7)*(SELECT valorDouble FROM ParametroDouble WHERE nombre_Parametro = "precioKm")*(SELECT ROUND(SUM(multiplicador)-(COUNT(*)-1), 2) FROM Caracteristica WHERE numero_Unidad = 2), 2)),
(32, 1, 7, 8, 7, 2, "06:00", "07:00", "precioKm", ROUND((SELECT distancia FROM Tramo WHERE idInicial = 7 AND idFinal = 8)*(SELECT multiplicador FROM Tramo INNER JOIN Estado ON Tramo.estado_Estado = Estado.estado WHERE idInicial = 7 AND idFinal = 8)*(SELECT valorDouble FROM ParametroDouble WHERE nombre_Parametro = "precioKm")*(SELECT ROUND(SUM(multiplicador)-(COUNT(*)-1), 2) FROM Caracteristica WHERE numero_Unidad = 2), 2)),
(32, 1, 8, 9, 8, 2, "06:00", "07:00", "precioKm", ROUND((SELECT distancia FROM Tramo WHERE idInicial = 8 AND idFinal = 9)*(SELECT multiplicador FROM Tramo INNER JOIN Estado ON Tramo.estado_Estado = Estado.estado WHERE idInicial = 8 AND idFinal = 9)*(SELECT valorDouble FROM ParametroDouble WHERE nombre_Parametro = "precioKm")*(SELECT ROUND(SUM(multiplicador)-(COUNT(*)-1), 2) FROM Caracteristica WHERE numero_Unidad = 2), 2)),
(32, 1, 9, 10, 9, 2, "06:00", "07:00", "precioKm", ROUND((SELECT distancia FROM Tramo WHERE idInicial = 9 AND idFinal = 10)*(SELECT multiplicador FROM Tramo INNER JOIN Estado ON Tramo.estado_Estado = Estado.estado WHERE idInicial = 9 AND idFinal = 10)*(SELECT valorDouble FROM ParametroDouble WHERE nombre_Parametro = "precioKm")*(SELECT ROUND(SUM(multiplicador)-(COUNT(*)-1), 2) FROM Caracteristica WHERE numero_Unidad = 2), 2)),
(32, 1, 10, 11, 10, 2, "06:00", "07:00", "precioKm", ROUND((SELECT distancia FROM Tramo WHERE idInicial = 10  AND idFinal = 11)*(SELECT multiplicador FROM Tramo INNER JOIN Estado ON Tramo.estado_Estado = Estado.estado WHERE idInicial = 10 AND idFinal = 11)*(SELECT valorDouble FROM ParametroDouble WHERE nombre_Parametro = "precioKm")*(SELECT ROUND(SUM(multiplicador)-(COUNT(*)-1), 2) FROM Caracteristica WHERE numero_Unidad = 2), 2)),

(33, 1, 1, 2, 1, 2, "06:00", "07:00", "precioKm", ROUND((SELECT distancia FROM Tramo WHERE idInicial = 1 AND idFinal = 2)*(SELECT multiplicador FROM Tramo INNER JOIN Estado ON Tramo.estado_Estado = Estado.estado WHERE idInicial = 1 AND idFinal = 2)*(SELECT valorDouble FROM ParametroDouble WHERE nombre_Parametro = "precioKm")*(SELECT ROUND(SUM(multiplicador)-(COUNT(*)-1), 2) FROM Caracteristica WHERE numero_Unidad = 2), 2)),
(33, 1, 2, 3, 2, 2, "06:00", "07:00", "precioKm", ROUND((SELECT distancia FROM Tramo WHERE idInicial = 2 AND idFinal = 3)*(SELECT multiplicador FROM Tramo INNER JOIN Estado ON Tramo.estado_Estado = Estado.estado WHERE idInicial = 2 AND idFinal = 3)*(SELECT valorDouble FROM ParametroDouble WHERE nombre_Parametro = "precioKm")*(SELECT ROUND(SUM(multiplicador)-(COUNT(*)-1), 2) FROM Caracteristica WHERE numero_Unidad = 2), 2)),
(33, 1, 3, 4, 3, 2, "06:00", "07:00", "precioKm", ROUND((SELECT distancia FROM Tramo WHERE idInicial = 3 AND idFinal = 4)*(SELECT multiplicador FROM Tramo INNER JOIN Estado ON Tramo.estado_Estado = Estado.estado WHERE idInicial = 3 AND idFinal = 4)*(SELECT valorDouble FROM ParametroDouble WHERE nombre_Parametro = "precioKm")*(SELECT ROUND(SUM(multiplicador)-(COUNT(*)-1), 2) FROM Caracteristica WHERE numero_Unidad = 2), 2)),
(33, 1, 4, 5, 4, 2, "06:00", "07:00", "precioKm", ROUND((SELECT distancia FROM Tramo WHERE idInicial = 4 AND idFinal = 5)*(SELECT multiplicador FROM Tramo INNER JOIN Estado ON Tramo.estado_Estado = Estado.estado WHERE idInicial = 4 AND idFinal = 5)*(SELECT valorDouble FROM ParametroDouble WHERE nombre_Parametro = "precioKm")*(SELECT ROUND(SUM(multiplicador)-(COUNT(*)-1), 2) FROM Caracteristica WHERE numero_Unidad = 2), 2)),
(33, 1, 5, 6, 5, 2, "06:00", "07:00", "precioKm", ROUND((SELECT distancia FROM Tramo WHERE idInicial = 5 AND idFinal = 6)*(SELECT multiplicador FROM Tramo INNER JOIN Estado ON Tramo.estado_Estado = Estado.estado WHERE idInicial = 5 AND idFinal = 6)*(SELECT valorDouble FROM ParametroDouble WHERE nombre_Parametro = "precioKm")*(SELECT ROUND(SUM(multiplicador)-(COUNT(*)-1), 2) FROM Caracteristica WHERE numero_Unidad = 2), 2)),
(33, 1, 6, 7, 6, 2, "06:00", "07:00", "precioKm", ROUND((SELECT distancia FROM Tramo WHERE idInicial = 6 AND idFinal = 7)*(SELECT multiplicador FROM Tramo INNER JOIN Estado ON Tramo.estado_Estado = Estado.estado WHERE idInicial = 6 AND idFinal = 7)*(SELECT valorDouble FROM ParametroDouble WHERE nombre_Parametro = "precioKm")*(SELECT ROUND(SUM(multiplicador)-(COUNT(*)-1), 2) FROM Caracteristica WHERE numero_Unidad = 2), 2)),
(33, 1, 7, 8, 7, 2, "06:00", "07:00", "precioKm", ROUND((SELECT distancia FROM Tramo WHERE idInicial = 7 AND idFinal = 8)*(SELECT multiplicador FROM Tramo INNER JOIN Estado ON Tramo.estado_Estado = Estado.estado WHERE idInicial = 7 AND idFinal = 8)*(SELECT valorDouble FROM ParametroDouble WHERE nombre_Parametro = "precioKm")*(SELECT ROUND(SUM(multiplicador)-(COUNT(*)-1), 2) FROM Caracteristica WHERE numero_Unidad = 2), 2)),
(33, 1, 8, 9, 8, 2, "06:00", "07:00", "precioKm", ROUND((SELECT distancia FROM Tramo WHERE idInicial = 8 AND idFinal = 9)*(SELECT multiplicador FROM Tramo INNER JOIN Estado ON Tramo.estado_Estado = Estado.estado WHERE idInicial = 8 AND idFinal = 9)*(SELECT valorDouble FROM ParametroDouble WHERE nombre_Parametro = "precioKm")*(SELECT ROUND(SUM(multiplicador)-(COUNT(*)-1), 2) FROM Caracteristica WHERE numero_Unidad = 2), 2)),
(33, 1, 9, 10, 9, 2, "06:00", "07:00", "precioKm", ROUND((SELECT distancia FROM Tramo WHERE idInicial = 9 AND idFinal = 10)*(SELECT multiplicador FROM Tramo INNER JOIN Estado ON Tramo.estado_Estado = Estado.estado WHERE idInicial = 9 AND idFinal = 10)*(SELECT valorDouble FROM ParametroDouble WHERE nombre_Parametro = "precioKm")*(SELECT ROUND(SUM(multiplicador)-(COUNT(*)-1), 2) FROM Caracteristica WHERE numero_Unidad = 2), 2)),
(33, 1, 10, 11, 10, 2, "06:00", "07:00", "precioKm", ROUND((SELECT distancia FROM Tramo WHERE idInicial = 10  AND idFinal = 11)*(SELECT multiplicador FROM Tramo INNER JOIN Estado ON Tramo.estado_Estado = Estado.estado WHERE idInicial = 10 AND idFinal = 11)*(SELECT valorDouble FROM ParametroDouble WHERE nombre_Parametro = "precioKm")*(SELECT ROUND(SUM(multiplicador)-(COUNT(*)-1), 2) FROM Caracteristica WHERE numero_Unidad = 2), 2)),

(34, 1, 1, 2, 1, 2, "06:00", "07:00", "precioKm", ROUND((SELECT distancia FROM Tramo WHERE idInicial = 1 AND idFinal = 2)*(SELECT multiplicador FROM Tramo INNER JOIN Estado ON Tramo.estado_Estado = Estado.estado WHERE idInicial = 1 AND idFinal = 2)*(SELECT valorDouble FROM ParametroDouble WHERE nombre_Parametro = "precioKm")*(SELECT ROUND(SUM(multiplicador)-(COUNT(*)-1), 2) FROM Caracteristica WHERE numero_Unidad = 2), 2)),
(34, 1, 2, 3, 2, 2, "06:00", "07:00", "precioKm", ROUND((SELECT distancia FROM Tramo WHERE idInicial = 2 AND idFinal = 3)*(SELECT multiplicador FROM Tramo INNER JOIN Estado ON Tramo.estado_Estado = Estado.estado WHERE idInicial = 2 AND idFinal = 3)*(SELECT valorDouble FROM ParametroDouble WHERE nombre_Parametro = "precioKm")*(SELECT ROUND(SUM(multiplicador)-(COUNT(*)-1), 2) FROM Caracteristica WHERE numero_Unidad = 2), 2)),
(34, 1, 3, 4, 3, 2, "06:00", "07:00", "precioKm", ROUND((SELECT distancia FROM Tramo WHERE idInicial = 3 AND idFinal = 4)*(SELECT multiplicador FROM Tramo INNER JOIN Estado ON Tramo.estado_Estado = Estado.estado WHERE idInicial = 3 AND idFinal = 4)*(SELECT valorDouble FROM ParametroDouble WHERE nombre_Parametro = "precioKm")*(SELECT ROUND(SUM(multiplicador)-(COUNT(*)-1), 2) FROM Caracteristica WHERE numero_Unidad = 2), 2)),
(34, 1, 4, 5, 4, 2, "06:00", "07:00", "precioKm", ROUND((SELECT distancia FROM Tramo WHERE idInicial = 4 AND idFinal = 5)*(SELECT multiplicador FROM Tramo INNER JOIN Estado ON Tramo.estado_Estado = Estado.estado WHERE idInicial = 4 AND idFinal = 5)*(SELECT valorDouble FROM ParametroDouble WHERE nombre_Parametro = "precioKm")*(SELECT ROUND(SUM(multiplicador)-(COUNT(*)-1), 2) FROM Caracteristica WHERE numero_Unidad = 2), 2)),
(34, 1, 5, 6, 5, 2, "06:00", "07:00", "precioKm", ROUND((SELECT distancia FROM Tramo WHERE idInicial = 5 AND idFinal = 6)*(SELECT multiplicador FROM Tramo INNER JOIN Estado ON Tramo.estado_Estado = Estado.estado WHERE idInicial = 5 AND idFinal = 6)*(SELECT valorDouble FROM ParametroDouble WHERE nombre_Parametro = "precioKm")*(SELECT ROUND(SUM(multiplicador)-(COUNT(*)-1), 2) FROM Caracteristica WHERE numero_Unidad = 2), 2)),
(34, 1, 6, 7, 6, 2, "06:00", "07:00", "precioKm", ROUND((SELECT distancia FROM Tramo WHERE idInicial = 6 AND idFinal = 7)*(SELECT multiplicador FROM Tramo INNER JOIN Estado ON Tramo.estado_Estado = Estado.estado WHERE idInicial = 6 AND idFinal = 7)*(SELECT valorDouble FROM ParametroDouble WHERE nombre_Parametro = "precioKm")*(SELECT ROUND(SUM(multiplicador)-(COUNT(*)-1), 2) FROM Caracteristica WHERE numero_Unidad = 2), 2)),
(34, 1, 7, 8, 7, 2, "06:00", "07:00", "precioKm", ROUND((SELECT distancia FROM Tramo WHERE idInicial = 7 AND idFinal = 8)*(SELECT multiplicador FROM Tramo INNER JOIN Estado ON Tramo.estado_Estado = Estado.estado WHERE idInicial = 7 AND idFinal = 8)*(SELECT valorDouble FROM ParametroDouble WHERE nombre_Parametro = "precioKm")*(SELECT ROUND(SUM(multiplicador)-(COUNT(*)-1), 2) FROM Caracteristica WHERE numero_Unidad = 2), 2)),
(34, 1, 8, 9, 8, 2, "06:00", "07:00", "precioKm", ROUND((SELECT distancia FROM Tramo WHERE idInicial = 8 AND idFinal = 9)*(SELECT multiplicador FROM Tramo INNER JOIN Estado ON Tramo.estado_Estado = Estado.estado WHERE idInicial = 8 AND idFinal = 9)*(SELECT valorDouble FROM ParametroDouble WHERE nombre_Parametro = "precioKm")*(SELECT ROUND(SUM(multiplicador)-(COUNT(*)-1), 2) FROM Caracteristica WHERE numero_Unidad = 2), 2)),
(34, 1, 9, 10, 9, 2, "06:00", "07:00", "precioKm", ROUND((SELECT distancia FROM Tramo WHERE idInicial = 9 AND idFinal = 10)*(SELECT multiplicador FROM Tramo INNER JOIN Estado ON Tramo.estado_Estado = Estado.estado WHERE idInicial = 9 AND idFinal = 10)*(SELECT valorDouble FROM ParametroDouble WHERE nombre_Parametro = "precioKm")*(SELECT ROUND(SUM(multiplicador)-(COUNT(*)-1), 2) FROM Caracteristica WHERE numero_Unidad = 2), 2)),
(34, 1, 10, 11, 10, 2, "06:00", "07:00", "precioKm", ROUND((SELECT distancia FROM Tramo WHERE idInicial = 10  AND idFinal = 11)*(SELECT multiplicador FROM Tramo INNER JOIN Estado ON Tramo.estado_Estado = Estado.estado WHERE idInicial = 10 AND idFinal = 11)*(SELECT valorDouble FROM ParametroDouble WHERE nombre_Parametro = "precioKm")*(SELECT ROUND(SUM(multiplicador)-(COUNT(*)-1), 2) FROM Caracteristica WHERE numero_Unidad = 2), 2)),

(35, 1, 1, 2, 1, 2, "06:00", "07:00", "precioKm", ROUND((SELECT distancia FROM Tramo WHERE idInicial = 1 AND idFinal = 2)*(SELECT multiplicador FROM Tramo INNER JOIN Estado ON Tramo.estado_Estado = Estado.estado WHERE idInicial = 1 AND idFinal = 2)*(SELECT valorDouble FROM ParametroDouble WHERE nombre_Parametro = "precioKm")*(SELECT ROUND(SUM(multiplicador)-(COUNT(*)-1), 2) FROM Caracteristica WHERE numero_Unidad = 2), 2)),
(35, 1, 2, 3, 2, 2, "06:00", "07:00", "precioKm", ROUND((SELECT distancia FROM Tramo WHERE idInicial = 2 AND idFinal = 3)*(SELECT multiplicador FROM Tramo INNER JOIN Estado ON Tramo.estado_Estado = Estado.estado WHERE idInicial = 2 AND idFinal = 3)*(SELECT valorDouble FROM ParametroDouble WHERE nombre_Parametro = "precioKm")*(SELECT ROUND(SUM(multiplicador)-(COUNT(*)-1), 2) FROM Caracteristica WHERE numero_Unidad = 2), 2)),
(35, 1, 3, 4, 3, 2, "06:00", "07:00", "precioKm", ROUND((SELECT distancia FROM Tramo WHERE idInicial = 3 AND idFinal = 4)*(SELECT multiplicador FROM Tramo INNER JOIN Estado ON Tramo.estado_Estado = Estado.estado WHERE idInicial = 3 AND idFinal = 4)*(SELECT valorDouble FROM ParametroDouble WHERE nombre_Parametro = "precioKm")*(SELECT ROUND(SUM(multiplicador)-(COUNT(*)-1), 2) FROM Caracteristica WHERE numero_Unidad = 2), 2)),
(35, 1, 4, 5, 4, 2, "06:00", "07:00", "precioKm", ROUND((SELECT distancia FROM Tramo WHERE idInicial = 4 AND idFinal = 5)*(SELECT multiplicador FROM Tramo INNER JOIN Estado ON Tramo.estado_Estado = Estado.estado WHERE idInicial = 4 AND idFinal = 5)*(SELECT valorDouble FROM ParametroDouble WHERE nombre_Parametro = "precioKm")*(SELECT ROUND(SUM(multiplicador)-(COUNT(*)-1), 2) FROM Caracteristica WHERE numero_Unidad = 2), 2)),
(35, 1, 5, 6, 5, 2, "06:00", "07:00", "precioKm", ROUND((SELECT distancia FROM Tramo WHERE idInicial = 5 AND idFinal = 6)*(SELECT multiplicador FROM Tramo INNER JOIN Estado ON Tramo.estado_Estado = Estado.estado WHERE idInicial = 5 AND idFinal = 6)*(SELECT valorDouble FROM ParametroDouble WHERE nombre_Parametro = "precioKm")*(SELECT ROUND(SUM(multiplicador)-(COUNT(*)-1), 2) FROM Caracteristica WHERE numero_Unidad = 2), 2)),
(35, 1, 6, 7, 6, 2, "06:00", "07:00", "precioKm", ROUND((SELECT distancia FROM Tramo WHERE idInicial = 6 AND idFinal = 7)*(SELECT multiplicador FROM Tramo INNER JOIN Estado ON Tramo.estado_Estado = Estado.estado WHERE idInicial = 6 AND idFinal = 7)*(SELECT valorDouble FROM ParametroDouble WHERE nombre_Parametro = "precioKm")*(SELECT ROUND(SUM(multiplicador)-(COUNT(*)-1), 2) FROM Caracteristica WHERE numero_Unidad = 2), 2)),
(35, 1, 7, 8, 7, 2, "06:00", "07:00", "precioKm", ROUND((SELECT distancia FROM Tramo WHERE idInicial = 7 AND idFinal = 8)*(SELECT multiplicador FROM Tramo INNER JOIN Estado ON Tramo.estado_Estado = Estado.estado WHERE idInicial = 7 AND idFinal = 8)*(SELECT valorDouble FROM ParametroDouble WHERE nombre_Parametro = "precioKm")*(SELECT ROUND(SUM(multiplicador)-(COUNT(*)-1), 2) FROM Caracteristica WHERE numero_Unidad = 2), 2)),
(35, 1, 8, 9, 8, 2, "06:00", "07:00", "precioKm", ROUND((SELECT distancia FROM Tramo WHERE idInicial = 8 AND idFinal = 9)*(SELECT multiplicador FROM Tramo INNER JOIN Estado ON Tramo.estado_Estado = Estado.estado WHERE idInicial = 8 AND idFinal = 9)*(SELECT valorDouble FROM ParametroDouble WHERE nombre_Parametro = "precioKm")*(SELECT ROUND(SUM(multiplicador)-(COUNT(*)-1), 2) FROM Caracteristica WHERE numero_Unidad = 2), 2)),
(35, 1, 9, 10, 9, 2, "06:00", "07:00", "precioKm", ROUND((SELECT distancia FROM Tramo WHERE idInicial = 9 AND idFinal = 10)*(SELECT multiplicador FROM Tramo INNER JOIN Estado ON Tramo.estado_Estado = Estado.estado WHERE idInicial = 9 AND idFinal = 10)*(SELECT valorDouble FROM ParametroDouble WHERE nombre_Parametro = "precioKm")*(SELECT ROUND(SUM(multiplicador)-(COUNT(*)-1), 2) FROM Caracteristica WHERE numero_Unidad = 2), 2)),
(35, 1, 10, 11, 10, 2, "06:00", "07:00", "precioKm", ROUND((SELECT distancia FROM Tramo WHERE idInicial = 10  AND idFinal = 11)*(SELECT multiplicador FROM Tramo INNER JOIN Estado ON Tramo.estado_Estado = Estado.estado WHERE idInicial = 10 AND idFinal = 11)*(SELECT valorDouble FROM ParametroDouble WHERE nombre_Parametro = "precioKm")*(SELECT ROUND(SUM(multiplicador)-(COUNT(*)-1), 2) FROM Caracteristica WHERE numero_Unidad = 2), 2)),

(36, 1, 1, 2, 1, 2, "06:00", "07:00", "precioKm", ROUND((SELECT distancia FROM Tramo WHERE idInicial = 1 AND idFinal = 2)*(SELECT multiplicador FROM Tramo INNER JOIN Estado ON Tramo.estado_Estado = Estado.estado WHERE idInicial = 1 AND idFinal = 2)*(SELECT valorDouble FROM ParametroDouble WHERE nombre_Parametro = "precioKm")*(SELECT ROUND(SUM(multiplicador)-(COUNT(*)-1), 2) FROM Caracteristica WHERE numero_Unidad = 2), 2)),
(36, 1, 2, 3, 2, 2, "06:00", "07:00", "precioKm", ROUND((SELECT distancia FROM Tramo WHERE idInicial = 2 AND idFinal = 3)*(SELECT multiplicador FROM Tramo INNER JOIN Estado ON Tramo.estado_Estado = Estado.estado WHERE idInicial = 2 AND idFinal = 3)*(SELECT valorDouble FROM ParametroDouble WHERE nombre_Parametro = "precioKm")*(SELECT ROUND(SUM(multiplicador)-(COUNT(*)-1), 2) FROM Caracteristica WHERE numero_Unidad = 2), 2)),
(36, 1, 3, 4, 3, 2, "06:00", "07:00", "precioKm", ROUND((SELECT distancia FROM Tramo WHERE idInicial = 3 AND idFinal = 4)*(SELECT multiplicador FROM Tramo INNER JOIN Estado ON Tramo.estado_Estado = Estado.estado WHERE idInicial = 3 AND idFinal = 4)*(SELECT valorDouble FROM ParametroDouble WHERE nombre_Parametro = "precioKm")*(SELECT ROUND(SUM(multiplicador)-(COUNT(*)-1), 2) FROM Caracteristica WHERE numero_Unidad = 2), 2)),
(36, 1, 4, 5, 4, 2, "06:00", "07:00", "precioKm", ROUND((SELECT distancia FROM Tramo WHERE idInicial = 4 AND idFinal = 5)*(SELECT multiplicador FROM Tramo INNER JOIN Estado ON Tramo.estado_Estado = Estado.estado WHERE idInicial = 4 AND idFinal = 5)*(SELECT valorDouble FROM ParametroDouble WHERE nombre_Parametro = "precioKm")*(SELECT ROUND(SUM(multiplicador)-(COUNT(*)-1), 2) FROM Caracteristica WHERE numero_Unidad = 2), 2)),
(36, 1, 5, 6, 5, 2, "06:00", "07:00", "precioKm", ROUND((SELECT distancia FROM Tramo WHERE idInicial = 5 AND idFinal = 6)*(SELECT multiplicador FROM Tramo INNER JOIN Estado ON Tramo.estado_Estado = Estado.estado WHERE idInicial = 5 AND idFinal = 6)*(SELECT valorDouble FROM ParametroDouble WHERE nombre_Parametro = "precioKm")*(SELECT ROUND(SUM(multiplicador)-(COUNT(*)-1), 2) FROM Caracteristica WHERE numero_Unidad = 2), 2)),
(36, 1, 6, 7, 6, 2, "06:00", "07:00", "precioKm", ROUND((SELECT distancia FROM Tramo WHERE idInicial = 6 AND idFinal = 7)*(SELECT multiplicador FROM Tramo INNER JOIN Estado ON Tramo.estado_Estado = Estado.estado WHERE idInicial = 6 AND idFinal = 7)*(SELECT valorDouble FROM ParametroDouble WHERE nombre_Parametro = "precioKm")*(SELECT ROUND(SUM(multiplicador)-(COUNT(*)-1), 2) FROM Caracteristica WHERE numero_Unidad = 2), 2)),
(36, 1, 7, 8, 7, 2, "06:00", "07:00", "precioKm", ROUND((SELECT distancia FROM Tramo WHERE idInicial = 7 AND idFinal = 8)*(SELECT multiplicador FROM Tramo INNER JOIN Estado ON Tramo.estado_Estado = Estado.estado WHERE idInicial = 7 AND idFinal = 8)*(SELECT valorDouble FROM ParametroDouble WHERE nombre_Parametro = "precioKm")*(SELECT ROUND(SUM(multiplicador)-(COUNT(*)-1), 2) FROM Caracteristica WHERE numero_Unidad = 2), 2)),
(36, 1, 8, 9, 8, 2, "06:00", "07:00", "precioKm", ROUND((SELECT distancia FROM Tramo WHERE idInicial = 8 AND idFinal = 9)*(SELECT multiplicador FROM Tramo INNER JOIN Estado ON Tramo.estado_Estado = Estado.estado WHERE idInicial = 8 AND idFinal = 9)*(SELECT valorDouble FROM ParametroDouble WHERE nombre_Parametro = "precioKm")*(SELECT ROUND(SUM(multiplicador)-(COUNT(*)-1), 2) FROM Caracteristica WHERE numero_Unidad = 2), 2)),
(36, 1, 9, 10, 9, 2, "06:00", "07:00", "precioKm", ROUND((SELECT distancia FROM Tramo WHERE idInicial = 9 AND idFinal = 10)*(SELECT multiplicador FROM Tramo INNER JOIN Estado ON Tramo.estado_Estado = Estado.estado WHERE idInicial = 9 AND idFinal = 10)*(SELECT valorDouble FROM ParametroDouble WHERE nombre_Parametro = "precioKm")*(SELECT ROUND(SUM(multiplicador)-(COUNT(*)-1), 2) FROM Caracteristica WHERE numero_Unidad = 2), 2)),
(36, 1, 10, 11, 10, 2, "06:00", "07:00", "precioKm", ROUND((SELECT distancia FROM Tramo WHERE idInicial = 10  AND idFinal = 11)*(SELECT multiplicador FROM Tramo INNER JOIN Estado ON Tramo.estado_Estado = Estado.estado WHERE idInicial = 10 AND idFinal = 11)*(SELECT valorDouble FROM ParametroDouble WHERE nombre_Parametro = "precioKm")*(SELECT ROUND(SUM(multiplicador)-(COUNT(*)-1), 2) FROM Caracteristica WHERE numero_Unidad = 2), 2)),

(37, 1, 1, 2, 1, 2, "06:00", "07:00", "precioKm", ROUND((SELECT distancia FROM Tramo WHERE idInicial = 1 AND idFinal = 2)*(SELECT multiplicador FROM Tramo INNER JOIN Estado ON Tramo.estado_Estado = Estado.estado WHERE idInicial = 1 AND idFinal = 2)*(SELECT valorDouble FROM ParametroDouble WHERE nombre_Parametro = "precioKm")*(SELECT ROUND(SUM(multiplicador)-(COUNT(*)-1), 2) FROM Caracteristica WHERE numero_Unidad = 2), 2)),
(37, 1, 2, 3, 2, 2, "06:00", "07:00", "precioKm", ROUND((SELECT distancia FROM Tramo WHERE idInicial = 2 AND idFinal = 3)*(SELECT multiplicador FROM Tramo INNER JOIN Estado ON Tramo.estado_Estado = Estado.estado WHERE idInicial = 2 AND idFinal = 3)*(SELECT valorDouble FROM ParametroDouble WHERE nombre_Parametro = "precioKm")*(SELECT ROUND(SUM(multiplicador)-(COUNT(*)-1), 2) FROM Caracteristica WHERE numero_Unidad = 2), 2)),
(37, 1, 3, 4, 3, 2, "06:00", "07:00", "precioKm", ROUND((SELECT distancia FROM Tramo WHERE idInicial = 3 AND idFinal = 4)*(SELECT multiplicador FROM Tramo INNER JOIN Estado ON Tramo.estado_Estado = Estado.estado WHERE idInicial = 3 AND idFinal = 4)*(SELECT valorDouble FROM ParametroDouble WHERE nombre_Parametro = "precioKm")*(SELECT ROUND(SUM(multiplicador)-(COUNT(*)-1), 2) FROM Caracteristica WHERE numero_Unidad = 2), 2)),
(37, 1, 4, 5, 4, 2, "06:00", "07:00", "precioKm", ROUND((SELECT distancia FROM Tramo WHERE idInicial = 4 AND idFinal = 5)*(SELECT multiplicador FROM Tramo INNER JOIN Estado ON Tramo.estado_Estado = Estado.estado WHERE idInicial = 4 AND idFinal = 5)*(SELECT valorDouble FROM ParametroDouble WHERE nombre_Parametro = "precioKm")*(SELECT ROUND(SUM(multiplicador)-(COUNT(*)-1), 2) FROM Caracteristica WHERE numero_Unidad = 2), 2)),
(37, 1, 5, 6, 5, 2, "06:00", "07:00", "precioKm", ROUND((SELECT distancia FROM Tramo WHERE idInicial = 5 AND idFinal = 6)*(SELECT multiplicador FROM Tramo INNER JOIN Estado ON Tramo.estado_Estado = Estado.estado WHERE idInicial = 5 AND idFinal = 6)*(SELECT valorDouble FROM ParametroDouble WHERE nombre_Parametro = "precioKm")*(SELECT ROUND(SUM(multiplicador)-(COUNT(*)-1), 2) FROM Caracteristica WHERE numero_Unidad = 2), 2)),
(37, 1, 6, 7, 6, 2, "06:00", "07:00", "precioKm", ROUND((SELECT distancia FROM Tramo WHERE idInicial = 6 AND idFinal = 7)*(SELECT multiplicador FROM Tramo INNER JOIN Estado ON Tramo.estado_Estado = Estado.estado WHERE idInicial = 6 AND idFinal = 7)*(SELECT valorDouble FROM ParametroDouble WHERE nombre_Parametro = "precioKm")*(SELECT ROUND(SUM(multiplicador)-(COUNT(*)-1), 2) FROM Caracteristica WHERE numero_Unidad = 2), 2)),
(37, 1, 7, 8, 7, 2, "06:00", "07:00", "precioKm", ROUND((SELECT distancia FROM Tramo WHERE idInicial = 7 AND idFinal = 8)*(SELECT multiplicador FROM Tramo INNER JOIN Estado ON Tramo.estado_Estado = Estado.estado WHERE idInicial = 7 AND idFinal = 8)*(SELECT valorDouble FROM ParametroDouble WHERE nombre_Parametro = "precioKm")*(SELECT ROUND(SUM(multiplicador)-(COUNT(*)-1), 2) FROM Caracteristica WHERE numero_Unidad = 2), 2)),
(37, 1, 8, 9, 8, 2, "06:00", "07:00", "precioKm", ROUND((SELECT distancia FROM Tramo WHERE idInicial = 8 AND idFinal = 9)*(SELECT multiplicador FROM Tramo INNER JOIN Estado ON Tramo.estado_Estado = Estado.estado WHERE idInicial = 8 AND idFinal = 9)*(SELECT valorDouble FROM ParametroDouble WHERE nombre_Parametro = "precioKm")*(SELECT ROUND(SUM(multiplicador)-(COUNT(*)-1), 2) FROM Caracteristica WHERE numero_Unidad = 2), 2)),
(37, 1, 9, 10, 9, 2, "06:00", "07:00", "precioKm", ROUND((SELECT distancia FROM Tramo WHERE idInicial = 9 AND idFinal = 10)*(SELECT multiplicador FROM Tramo INNER JOIN Estado ON Tramo.estado_Estado = Estado.estado WHERE idInicial = 9 AND idFinal = 10)*(SELECT valorDouble FROM ParametroDouble WHERE nombre_Parametro = "precioKm")*(SELECT ROUND(SUM(multiplicador)-(COUNT(*)-1), 2) FROM Caracteristica WHERE numero_Unidad = 2), 2)),
(37, 1, 10, 11, 10, 2, "06:00", "07:00", "precioKm", ROUND((SELECT distancia FROM Tramo WHERE idInicial = 10  AND idFinal = 11)*(SELECT multiplicador FROM Tramo INNER JOIN Estado ON Tramo.estado_Estado = Estado.estado WHERE idInicial = 10 AND idFinal = 11)*(SELECT valorDouble FROM ParametroDouble WHERE nombre_Parametro = "precioKm")*(SELECT ROUND(SUM(multiplicador)-(COUNT(*)-1), 2) FROM Caracteristica WHERE numero_Unidad = 2), 2)),

(38, 1, 1, 2, 1, 2, "06:00", "07:00", "precioKm", ROUND((SELECT distancia FROM Tramo WHERE idInicial = 1 AND idFinal = 2)*(SELECT multiplicador FROM Tramo INNER JOIN Estado ON Tramo.estado_Estado = Estado.estado WHERE idInicial = 1 AND idFinal = 2)*(SELECT valorDouble FROM ParametroDouble WHERE nombre_Parametro = "precioKm")*(SELECT ROUND(SUM(multiplicador)-(COUNT(*)-1), 2) FROM Caracteristica WHERE numero_Unidad = 2), 2)),
(38, 1, 2, 3, 2, 2, "06:00", "07:00", "precioKm", ROUND((SELECT distancia FROM Tramo WHERE idInicial = 2 AND idFinal = 3)*(SELECT multiplicador FROM Tramo INNER JOIN Estado ON Tramo.estado_Estado = Estado.estado WHERE idInicial = 2 AND idFinal = 3)*(SELECT valorDouble FROM ParametroDouble WHERE nombre_Parametro = "precioKm")*(SELECT ROUND(SUM(multiplicador)-(COUNT(*)-1), 2) FROM Caracteristica WHERE numero_Unidad = 2), 2)),
(38, 1, 3, 4, 3, 2, "06:00", "07:00", "precioKm", ROUND((SELECT distancia FROM Tramo WHERE idInicial = 3 AND idFinal = 4)*(SELECT multiplicador FROM Tramo INNER JOIN Estado ON Tramo.estado_Estado = Estado.estado WHERE idInicial = 3 AND idFinal = 4)*(SELECT valorDouble FROM ParametroDouble WHERE nombre_Parametro = "precioKm")*(SELECT ROUND(SUM(multiplicador)-(COUNT(*)-1), 2) FROM Caracteristica WHERE numero_Unidad = 2), 2)),
(38, 1, 4, 5, 4, 2, "06:00", "07:00", "precioKm", ROUND((SELECT distancia FROM Tramo WHERE idInicial = 4 AND idFinal = 5)*(SELECT multiplicador FROM Tramo INNER JOIN Estado ON Tramo.estado_Estado = Estado.estado WHERE idInicial = 4 AND idFinal = 5)*(SELECT valorDouble FROM ParametroDouble WHERE nombre_Parametro = "precioKm")*(SELECT ROUND(SUM(multiplicador)-(COUNT(*)-1), 2) FROM Caracteristica WHERE numero_Unidad = 2), 2)),
(38, 1, 5, 6, 5, 2, "06:00", "07:00", "precioKm", ROUND((SELECT distancia FROM Tramo WHERE idInicial = 5 AND idFinal = 6)*(SELECT multiplicador FROM Tramo INNER JOIN Estado ON Tramo.estado_Estado = Estado.estado WHERE idInicial = 5 AND idFinal = 6)*(SELECT valorDouble FROM ParametroDouble WHERE nombre_Parametro = "precioKm")*(SELECT ROUND(SUM(multiplicador)-(COUNT(*)-1), 2) FROM Caracteristica WHERE numero_Unidad = 2), 2)),
(38, 1, 6, 7, 6, 2, "06:00", "07:00", "precioKm", ROUND((SELECT distancia FROM Tramo WHERE idInicial = 6 AND idFinal = 7)*(SELECT multiplicador FROM Tramo INNER JOIN Estado ON Tramo.estado_Estado = Estado.estado WHERE idInicial = 6 AND idFinal = 7)*(SELECT valorDouble FROM ParametroDouble WHERE nombre_Parametro = "precioKm")*(SELECT ROUND(SUM(multiplicador)-(COUNT(*)-1), 2) FROM Caracteristica WHERE numero_Unidad = 2), 2)),
(38, 1, 7, 8, 7, 2, "06:00", "07:00", "precioKm", ROUND((SELECT distancia FROM Tramo WHERE idInicial = 7 AND idFinal = 8)*(SELECT multiplicador FROM Tramo INNER JOIN Estado ON Tramo.estado_Estado = Estado.estado WHERE idInicial = 7 AND idFinal = 8)*(SELECT valorDouble FROM ParametroDouble WHERE nombre_Parametro = "precioKm")*(SELECT ROUND(SUM(multiplicador)-(COUNT(*)-1), 2) FROM Caracteristica WHERE numero_Unidad = 2), 2)),
(38, 1, 8, 9, 8, 2, "06:00", "07:00", "precioKm", ROUND((SELECT distancia FROM Tramo WHERE idInicial = 8 AND idFinal = 9)*(SELECT multiplicador FROM Tramo INNER JOIN Estado ON Tramo.estado_Estado = Estado.estado WHERE idInicial = 8 AND idFinal = 9)*(SELECT valorDouble FROM ParametroDouble WHERE nombre_Parametro = "precioKm")*(SELECT ROUND(SUM(multiplicador)-(COUNT(*)-1), 2) FROM Caracteristica WHERE numero_Unidad = 2), 2)),
(38, 1, 9, 10, 9, 2, "06:00", "07:00", "precioKm", ROUND((SELECT distancia FROM Tramo WHERE idInicial = 9 AND idFinal = 10)*(SELECT multiplicador FROM Tramo INNER JOIN Estado ON Tramo.estado_Estado = Estado.estado WHERE idInicial = 9 AND idFinal = 10)*(SELECT valorDouble FROM ParametroDouble WHERE nombre_Parametro = "precioKm")*(SELECT ROUND(SUM(multiplicador)-(COUNT(*)-1), 2) FROM Caracteristica WHERE numero_Unidad = 2), 2)),
(38, 1, 10, 11, 10, 2, "06:00", "07:00", "precioKm", ROUND((SELECT distancia FROM Tramo WHERE idInicial = 10  AND idFinal = 11)*(SELECT multiplicador FROM Tramo INNER JOIN Estado ON Tramo.estado_Estado = Estado.estado WHERE idInicial = 10 AND idFinal = 11)*(SELECT valorDouble FROM ParametroDouble WHERE nombre_Parametro = "precioKm")*(SELECT ROUND(SUM(multiplicador)-(COUNT(*)-1), 2) FROM Caracteristica WHERE numero_Unidad = 2), 2)),

(39, 1, 1, 2, 1, 2, "06:00", "07:00", "precioKm", ROUND((SELECT distancia FROM Tramo WHERE idInicial = 1 AND idFinal = 2)*(SELECT multiplicador FROM Tramo INNER JOIN Estado ON Tramo.estado_Estado = Estado.estado WHERE idInicial = 1 AND idFinal = 2)*(SELECT valorDouble FROM ParametroDouble WHERE nombre_Parametro = "precioKm")*(SELECT ROUND(SUM(multiplicador)-(COUNT(*)-1), 2) FROM Caracteristica WHERE numero_Unidad = 2), 2)),
(39, 1, 2, 3, 2, 2, "06:00", "07:00", "precioKm", ROUND((SELECT distancia FROM Tramo WHERE idInicial = 2 AND idFinal = 3)*(SELECT multiplicador FROM Tramo INNER JOIN Estado ON Tramo.estado_Estado = Estado.estado WHERE idInicial = 2 AND idFinal = 3)*(SELECT valorDouble FROM ParametroDouble WHERE nombre_Parametro = "precioKm")*(SELECT ROUND(SUM(multiplicador)-(COUNT(*)-1), 2) FROM Caracteristica WHERE numero_Unidad = 2), 2)),
(39, 1, 3, 4, 3, 2, "06:00", "07:00", "precioKm", ROUND((SELECT distancia FROM Tramo WHERE idInicial = 3 AND idFinal = 4)*(SELECT multiplicador FROM Tramo INNER JOIN Estado ON Tramo.estado_Estado = Estado.estado WHERE idInicial = 3 AND idFinal = 4)*(SELECT valorDouble FROM ParametroDouble WHERE nombre_Parametro = "precioKm")*(SELECT ROUND(SUM(multiplicador)-(COUNT(*)-1), 2) FROM Caracteristica WHERE numero_Unidad = 2), 2)),
(39, 1, 4, 5, 4, 2, "06:00", "07:00", "precioKm", ROUND((SELECT distancia FROM Tramo WHERE idInicial = 4 AND idFinal = 5)*(SELECT multiplicador FROM Tramo INNER JOIN Estado ON Tramo.estado_Estado = Estado.estado WHERE idInicial = 4 AND idFinal = 5)*(SELECT valorDouble FROM ParametroDouble WHERE nombre_Parametro = "precioKm")*(SELECT ROUND(SUM(multiplicador)-(COUNT(*)-1), 2) FROM Caracteristica WHERE numero_Unidad = 2), 2)),
(39, 1, 5, 6, 5, 2, "06:00", "07:00", "precioKm", ROUND((SELECT distancia FROM Tramo WHERE idInicial = 5 AND idFinal = 6)*(SELECT multiplicador FROM Tramo INNER JOIN Estado ON Tramo.estado_Estado = Estado.estado WHERE idInicial = 5 AND idFinal = 6)*(SELECT valorDouble FROM ParametroDouble WHERE nombre_Parametro = "precioKm")*(SELECT ROUND(SUM(multiplicador)-(COUNT(*)-1), 2) FROM Caracteristica WHERE numero_Unidad = 2), 2)),
(39, 1, 6, 7, 6, 2, "06:00", "07:00", "precioKm", ROUND((SELECT distancia FROM Tramo WHERE idInicial = 6 AND idFinal = 7)*(SELECT multiplicador FROM Tramo INNER JOIN Estado ON Tramo.estado_Estado = Estado.estado WHERE idInicial = 6 AND idFinal = 7)*(SELECT valorDouble FROM ParametroDouble WHERE nombre_Parametro = "precioKm")*(SELECT ROUND(SUM(multiplicador)-(COUNT(*)-1), 2) FROM Caracteristica WHERE numero_Unidad = 2), 2)),
(39, 1, 7, 8, 7, 2, "06:00", "07:00", "precioKm", ROUND((SELECT distancia FROM Tramo WHERE idInicial = 7 AND idFinal = 8)*(SELECT multiplicador FROM Tramo INNER JOIN Estado ON Tramo.estado_Estado = Estado.estado WHERE idInicial = 7 AND idFinal = 8)*(SELECT valorDouble FROM ParametroDouble WHERE nombre_Parametro = "precioKm")*(SELECT ROUND(SUM(multiplicador)-(COUNT(*)-1), 2) FROM Caracteristica WHERE numero_Unidad = 2), 2)),
(39, 1, 8, 9, 8, 2, "06:00", "07:00", "precioKm", ROUND((SELECT distancia FROM Tramo WHERE idInicial = 8 AND idFinal = 9)*(SELECT multiplicador FROM Tramo INNER JOIN Estado ON Tramo.estado_Estado = Estado.estado WHERE idInicial = 8 AND idFinal = 9)*(SELECT valorDouble FROM ParametroDouble WHERE nombre_Parametro = "precioKm")*(SELECT ROUND(SUM(multiplicador)-(COUNT(*)-1), 2) FROM Caracteristica WHERE numero_Unidad = 2), 2)),
(39, 1, 9, 10, 9, 2, "06:00", "07:00", "precioKm", ROUND((SELECT distancia FROM Tramo WHERE idInicial = 9 AND idFinal = 10)*(SELECT multiplicador FROM Tramo INNER JOIN Estado ON Tramo.estado_Estado = Estado.estado WHERE idInicial = 9 AND idFinal = 10)*(SELECT valorDouble FROM ParametroDouble WHERE nombre_Parametro = "precioKm")*(SELECT ROUND(SUM(multiplicador)-(COUNT(*)-1), 2) FROM Caracteristica WHERE numero_Unidad = 2), 2)),
(39, 1, 10, 11, 10, 2, "06:00", "07:00", "precioKm", ROUND((SELECT distancia FROM Tramo WHERE idInicial = 10  AND idFinal = 11)*(SELECT multiplicador FROM Tramo INNER JOIN Estado ON Tramo.estado_Estado = Estado.estado WHERE idInicial = 10 AND idFinal = 11)*(SELECT valorDouble FROM ParametroDouble WHERE nombre_Parametro = "precioKm")*(SELECT ROUND(SUM(multiplicador)-(COUNT(*)-1), 2) FROM Caracteristica WHERE numero_Unidad = 2), 2)),

(40, 1, 1, 2, 1, 2, "06:00", "07:00", "precioKm", ROUND((SELECT distancia FROM Tramo WHERE idInicial = 1 AND idFinal = 2)*(SELECT multiplicador FROM Tramo INNER JOIN Estado ON Tramo.estado_Estado = Estado.estado WHERE idInicial = 1 AND idFinal = 2)*(SELECT valorDouble FROM ParametroDouble WHERE nombre_Parametro = "precioKm")*(SELECT ROUND(SUM(multiplicador)-(COUNT(*)-1), 2) FROM Caracteristica WHERE numero_Unidad = 2), 2)),
(40, 1, 2, 3, 2, 2, "06:00", "07:00", "precioKm", ROUND((SELECT distancia FROM Tramo WHERE idInicial = 2 AND idFinal = 3)*(SELECT multiplicador FROM Tramo INNER JOIN Estado ON Tramo.estado_Estado = Estado.estado WHERE idInicial = 2 AND idFinal = 3)*(SELECT valorDouble FROM ParametroDouble WHERE nombre_Parametro = "precioKm")*(SELECT ROUND(SUM(multiplicador)-(COUNT(*)-1), 2) FROM Caracteristica WHERE numero_Unidad = 2), 2)),
(40, 1, 3, 4, 3, 2, "06:00", "07:00", "precioKm", ROUND((SELECT distancia FROM Tramo WHERE idInicial = 3 AND idFinal = 4)*(SELECT multiplicador FROM Tramo INNER JOIN Estado ON Tramo.estado_Estado = Estado.estado WHERE idInicial = 3 AND idFinal = 4)*(SELECT valorDouble FROM ParametroDouble WHERE nombre_Parametro = "precioKm")*(SELECT ROUND(SUM(multiplicador)-(COUNT(*)-1), 2) FROM Caracteristica WHERE numero_Unidad = 2), 2)),
(40, 1, 4, 5, 4, 2, "06:00", "07:00", "precioKm", ROUND((SELECT distancia FROM Tramo WHERE idInicial = 4 AND idFinal = 5)*(SELECT multiplicador FROM Tramo INNER JOIN Estado ON Tramo.estado_Estado = Estado.estado WHERE idInicial = 4 AND idFinal = 5)*(SELECT valorDouble FROM ParametroDouble WHERE nombre_Parametro = "precioKm")*(SELECT ROUND(SUM(multiplicador)-(COUNT(*)-1), 2) FROM Caracteristica WHERE numero_Unidad = 2), 2)),
(40, 1, 5, 6, 5, 2, "06:00", "07:00", "precioKm", ROUND((SELECT distancia FROM Tramo WHERE idInicial = 5 AND idFinal = 6)*(SELECT multiplicador FROM Tramo INNER JOIN Estado ON Tramo.estado_Estado = Estado.estado WHERE idInicial = 5 AND idFinal = 6)*(SELECT valorDouble FROM ParametroDouble WHERE nombre_Parametro = "precioKm")*(SELECT ROUND(SUM(multiplicador)-(COUNT(*)-1), 2) FROM Caracteristica WHERE numero_Unidad = 2), 2)),
(40, 1, 6, 7, 6, 2, "06:00", "07:00", "precioKm", ROUND((SELECT distancia FROM Tramo WHERE idInicial = 6 AND idFinal = 7)*(SELECT multiplicador FROM Tramo INNER JOIN Estado ON Tramo.estado_Estado = Estado.estado WHERE idInicial = 6 AND idFinal = 7)*(SELECT valorDouble FROM ParametroDouble WHERE nombre_Parametro = "precioKm")*(SELECT ROUND(SUM(multiplicador)-(COUNT(*)-1), 2) FROM Caracteristica WHERE numero_Unidad = 2), 2)),
(40, 1, 7, 8, 7, 2, "06:00", "07:00", "precioKm", ROUND((SELECT distancia FROM Tramo WHERE idInicial = 7 AND idFinal = 8)*(SELECT multiplicador FROM Tramo INNER JOIN Estado ON Tramo.estado_Estado = Estado.estado WHERE idInicial = 7 AND idFinal = 8)*(SELECT valorDouble FROM ParametroDouble WHERE nombre_Parametro = "precioKm")*(SELECT ROUND(SUM(multiplicador)-(COUNT(*)-1), 2) FROM Caracteristica WHERE numero_Unidad = 2), 2)),
(40, 1, 8, 9, 8, 2, "06:00", "07:00", "precioKm", ROUND((SELECT distancia FROM Tramo WHERE idInicial = 8 AND idFinal = 9)*(SELECT multiplicador FROM Tramo INNER JOIN Estado ON Tramo.estado_Estado = Estado.estado WHERE idInicial = 8 AND idFinal = 9)*(SELECT valorDouble FROM ParametroDouble WHERE nombre_Parametro = "precioKm")*(SELECT ROUND(SUM(multiplicador)-(COUNT(*)-1), 2) FROM Caracteristica WHERE numero_Unidad = 2), 2)),
(40, 1, 9, 10, 9, 2, "06:00", "07:00", "precioKm", ROUND((SELECT distancia FROM Tramo WHERE idInicial = 9 AND idFinal = 10)*(SELECT multiplicador FROM Tramo INNER JOIN Estado ON Tramo.estado_Estado = Estado.estado WHERE idInicial = 9 AND idFinal = 10)*(SELECT valorDouble FROM ParametroDouble WHERE nombre_Parametro = "precioKm")*(SELECT ROUND(SUM(multiplicador)-(COUNT(*)-1), 2) FROM Caracteristica WHERE numero_Unidad = 2), 2)),
(40, 1, 10, 11, 10, 2, "06:00", "07:00", "precioKm", ROUND((SELECT distancia FROM Tramo WHERE idInicial = 10  AND idFinal = 11)*(SELECT multiplicador FROM Tramo INNER JOIN Estado ON Tramo.estado_Estado = Estado.estado WHERE idInicial = 10 AND idFinal = 11)*(SELECT valorDouble FROM ParametroDouble WHERE nombre_Parametro = "precioKm")*(SELECT ROUND(SUM(multiplicador)-(COUNT(*)-1), 2) FROM Caracteristica WHERE numero_Unidad = 2), 2));

INSERT INTO MetodoPago(metodo) VALUES 
("Visa"),
("MasterCard"),
("PayPal"),
("Efectivo");

INSERT INTO Tiquet(codigo) VALUES 
("2023083010110001"),
("2023090119070001");

INSERT INTO Reserva (codigo_Tiquet, numero_Asiento, codigo_L_R_T_Asiento, idInicial_T_R_T_Asiento, idFinal_T_R_T_Asiento, orden_R_T_Asiento, numero_U_T_Asiento, horaSalida_S_T_Asiento, horaLlegada_L_T_Asiento, id_Usuario, metodo_MetodoPago, fecha, hora, estado, nombre_P_ParametroTime, fechaLimite) VALUES
("2023083010110001", 21, 1, 1, 2, 1, 2, "06:00", "07:00", 1, "MasterCard", "2023-08-30", "10:11", "Pagado", "tiempoReserva", "2023-08-5"),
("2023083010110001", 21, 1, 2, 3, 2, 2, "06:00", "07:00", 1, "MasterCard", "2023-08-30", "10:11", "Pagado", "tiempoReserva", "2023-08-5"),
("2023083010110001", 21, 1, 3, 4, 3, 2, "06:00", "07:00", 1, "MasterCard", "2023-08-30", "10:11", "Pagado", "tiempoReserva", "2023-08-5"),
("2023083010110001", 21, 1, 4, 5, 4, 2, "06:00", "07:00", 1, "MasterCard", "2023-08-30", "10:11", "Pagado", "tiempoReserva", "2023-08-5"),
("2023083010110001", 21, 1, 5, 6, 5, 2, "06:00", "07:00", 1, "MasterCard", "2023-08-30", "10:11", "Pagado", "tiempoReserva", "2023-08-5"),
("2023083010110001", 21, 1, 6, 7, 6, 2, "06:00", "07:00", 1, "MasterCard", "2023-08-30", "10:11", "Pagado", "tiempoReserva", "2023-08-5"),
("2023083010110001", 21, 1, 7, 8, 7, 2, "06:00", "07:00", 1, "MasterCard", "2023-08-30", "10:11", "Pagado", "tiempoReserva", "2023-08-5"),
("2023083010110001", 21, 1, 8, 9, 8, 2, "06:00", "07:00", 1, "MasterCard", "2023-08-30", "10:11", "Pagado", "tiempoReserva", "2023-08-5"),
("2023083010110001", 21, 1, 9, 10, 9, 2, "06:00", "07:00", 1, "MasterCard", "2023-08-30", "10:11", "Pagado", "tiempoReserva", "2023-08-5"),
("2023083010110001", 21, 1, 10, 11, 10, 2, "06:00", "07:00", 1, "MasterCard", "2023-08-30", "10:11", "Pagado", "tiempoReserva", "2023-08-5"),

("2023090119070001", 7, 1, 2, 3, 2, 2, "06:00", "07:00", 2, "Efectivo", "2023-09-01", "19:07", "En Espera", "tiempoReserva", "2023-08-5"),
("2023090119070001", 7, 1, 3, 4, 3, 2, "06:00", "07:00", 2, "Efectivo", "2023-09-01", "19:07", "En Espera", "tiempoReserva", "2023-08-5"),
("2023090119070001", 7, 1, 4, 5, 4, 2, "06:00", "07:00", 2, "Efectivo", "2023-09-01", "19:07", "En Espera", "tiempoReserva", "2023-08-5"),
("2023090119070001", 7, 1, 5, 6, 5, 2, "06:00", "07:00", 2, "Efectivo", "2023-09-01", "19:07", "En Espera", "tiempoReserva", "2023-08-5"),
("2023090119070001", 7, 1, 6, 7, 6, 2, "06:00", "07:00", 2, "Efectivo", "2023-09-01", "19:07", "En Espera", "tiempoReserva", "2023-08-5"),
("2023090119070001", 7, 1, 7, 8, 7, 2, "06:00", "07:00", 2, "Efectivo", "2023-09-01", "19:07", "En Espera", "tiempoReserva", "2023-08-5"),
("2023090119070001", 7, 1, 8, 9, 8, 2, "06:00", "07:00", 2, "Efectivo", "2023-09-01", "19:07", "En Espera", "tiempoReserva", "2023-08-5"),
("2023090119070001", 7, 1, 9, 10, 9, 2, "06:00", "07:00", 2, "Efectivo", "2023-09-01", "19:07", "En Espera", "tiempoReserva", "2023-08-5");

INSERT INTO Linea (codigo, nombre, origen, destino, vigencia) VALUES 
(null, "L499", "Pando", "Salinas", true);